"id","name","type","industry","rating","phone","fax","website","annual_revenue","number_of_employees","ownership","billing_address","shipping_address","description","site","sic_code","duns_number","ticker_symbol","ownership_type","customer_priority","sla","sla_expiration_date","upsell_opportunity","active","number_of_locations","ownership_transfer_date","parent_account_id"
1202,Allen Rose,Prospect,Manufacturing,Average,"1882555023","0262191972",https://www.booker.com/,4757088.08,214,Government,"3856 Kelly Road Apt. 561
Thomasview, MP 56613","1603 Hill Lakes
Lorifort, KY 89321",Myself hospital arrive commercial issue high cause. Recent type adult land movie whatever woman. Question enter use also offer plant enjoy during.,ellis.info,"2545","582783299",HYN,Government,High,2023-01-20,2027-07-27,true,true,10,2021-11-03,
1016,Gates Ltd,Customer,Manufacturing,Good,"4579489073","9604201345",http://www.ware-williams.com/,2881949.05,244,Private,"4212 Jenkins Knoll Suite 151
Joshuaberg, VA 16891","9100 Jose Lodge Apt. 904
Port Jeremyport, NC 23031",Hospital deep explain series. Worry senior write spring finish. Stage compare outside travel image theory. Information let owner defense next couple major.,lopez.com,"2138","867670957",QHJ,Private,Medium,2025-09-12,2028-06-03,false,false,9,2020-05-28,
1017,Williamson-Briggs,Partner,Healthcare,Excellent,"1240951297","3587471726",http://simon.net/,1383989.95,835,Private,"Unit 2815 Box 2722
DPO AA 13787","351 Torres Unions Apt. 624
West Rachael, MI 63744","Crime none level care lay north.
You north common explain program decade cup. Us ready yes part training.
Stand measure station. Many receive music us occur spend production.",bradley.net,"7073","315746626",OUO,Public,Low,2023-02-10,2027-06-16,false,false,5,2020-08-24,
1018,Smith-Bates,Prospect,Manufacturing,Average,"9387232015","4160111729",https://www.york.com/,4241999.35,522,Private,"913 Davis Viaduct
South Brianfurt, MP 61518","0110 Evan Ford Suite 434
South Juanmouth, PA 68923","Friend foot debate hospital they still. Charge eight knowledge among president hit benefit.
Drug exist third amount effort. Away hot center add decade step system mean.",scott-rogers.com,"5769","708000509",ROL,Partnership,Low,2025-02-07,2027-11-01,false,true,10,2022-05-24,
1019,"Price, Williams and Gonzalez",Partner,Healthcare,Average,"2003273651","7097968639",http://mejia.org/,99950.35,579,Public,"45187 Wilson Stream Apt. 689
North Kyleside, KY 72984","63240 Kim Hollow
Annaside, KY 16242","Standard establish consumer career garden. Least as later first.
Memory enter hot information card safe develop. Memory where they rich serious idea individual.",alvarez.org,"2250","131449354",QCT,Partnership,Low,2023-09-13,2028-05-12,true,true,9,2019-11-02,
1020,Williams LLC,Partner,Education,Average,"0393665513","1019858639",http://www.schneider.com/,4680940.37,954,Partnership,"288 Ramsey Fork
East Alexandra, PW 99214","79563 Gonzalez Dam Apt. 608
Williamberg, DC 34204",Goal know thought energy drop pretty face. Few sort training hundred. Include doctor home style pressure stop build.,anderson.com,"7880","459403717",DHY,Public,High,2022-01-04,2027-07-01,true,true,2,2021-08-16,
1021,Jacobs LLC,Customer,Education,Good,"4695390649","7592982554",http://boyer.org/,9508075.52,487,Public,"PSC 9771, Box 2173
APO AE 20151","35397 Alejandra Turnpike
Leachfurt, VI 47352","Game when daughter control me talk game.
Trial a music big far evening performance. Maybe low talk second child. Executive head past goal. Order film fine girl station.",garcia.com,"6789","309050193",EFO,Public,Medium,2025-02-02,2027-03-12,false,true,7,2021-07-05,
1022,Hurst Inc,Partner,Manufacturing,Average,"5619925689","7762611387",http://brown-lam.com/,1833126.73,375,Private,"25129 Jason Crossroad Suite 163
West Derekview, AL 85842","7696 Harper Avenue
East Ericville, TN 43855","Year that goal grow education hour rich goal. Letter call spring area factor.
Probably account thousand meeting reflect at. Hot summer clear tonight.
Kind cause direction until experience peace.",tanner.info,"1098","505038044",PTD,Private,Low,2023-01-18,2027-02-02,false,true,10,2021-06-16,
1023,Parks Group,Supplier,Finance,Average,"9347803578","6784337552",https://www.martinez.info/,2751719.23,777,Private,"853 Nichols Ridge
Oliverborough, WI 76183","6088 Justin Parkway Suite 983
Charlesborough, UT 10943","Program soldier short before. Short bar open red rather probably. Two issue include prevent. Ok animal box.
Appear vote pattern family reality.",west.com,"6027","651291328",KUL,Public,Medium,2023-03-10,2027-02-14,true,true,1,2018-12-10,
1024,Pugh-Garcia,Customer,Manufacturing,Good,"8049113624","8871883955",http://www.mcguire.com/,2601055.24,721,Private,"384 Jaime Extensions Apt. 430
Mooreview, MS 29630","4332 Jeremy Ports
Taylormouth, FM 95126",Accept month sister or. Who enter win hand little culture use. Glass traditional chance weight receive place. Majority always opportunity recent responsibility alone wish.,wilson.net,"2513","909452494",PKU,Public,Medium,2025-06-06,2027-12-24,true,true,5,2020-10-02,
1025,Guerrero-Scott,Partner,Technology,Good,"8783243675","9809671694",http://anderson.com/,3784052.12,657,Partnership,"14988 Franco Gardens
Bretttown, PR 19760","23384 White Ford
New Lynn, NC 66268",Pay long ground find receive mind. Movie need line particular anyone work city. Recently particularly when.,morrison.org,"3460","292110633",LQR,Partnership,High,2022-05-17,2028-11-05,false,true,6,2019-05-28,
1026,"Gonzalez, Martinez and Hunter",Partner,Finance,Excellent,"2281642592","3849307904",http://www.clements-torres.com/,4408545.49,417,Government,"PSC 9199, Box 2246
APO AA 53126","2535 Rodriguez Junction Apt. 980
North Mary, AL 04520","Whom partner party baby painting hair several. Mrs pressure perhaps. Hard a character role.
Top listen action ok book. Community start arrive at half issue.",rodgers.com,"8919","963610153",MBQ,Government,High,2023-02-07,2028-09-28,false,true,3,2021-11-30,
1027,"Austin, Strickland and Tran",Prospect,Education,Excellent,"8127360134","5293205256",http://blevins.com/,5457901.15,222,Public,"26799 Nicholas Mission
North Jeffrey, MO 65662","99818 Robert Views Apt. 151
Lake Max, NM 08577","Their live style call. Tax serve likely world glass. Last who community. Bar myself around guess.
None anyone region agent. Base number dream eight strong. So officer put dream away community player.",jackson-page.com,"5038","188601833",SAH,Partnership,High,2024-09-21,2028-12-01,false,true,9,2020-04-06,
1028,Snyder-Duffy,Partner,Finance,Poor,"5181075906","1599887308",https://hubbard-matthews.com/,5693693.16,205,Private,"76061 Lee Extensions Apt. 301
Michaelfurt, AL 52269","USS Anthony
FPO AA 79138",You reveal field even television old idea event. Be difficult enjoy partner worry government particularly. Institution follow follow hope nearly.,lopez.net,"6463","985883342",HFB,Private,Low,2025-05-11,2028-03-22,true,true,2,2020-10-05,
1029,White-Reed,Supplier,Healthcare,Excellent,"5182332588","2991135210",https://miller.com/,1181149.54,896,Private,"86435 Gary Landing
Port Carriemouth, PW 41643","5089 Carr Terrace Suite 854
Amandaburgh, UT 21021","Sport budget view candidate. Themselves Republican box nothing.
Into middle garden institution operation. Commercial across adult central couple per very.",miller.net,"2768","411091158",GGV,Partnership,Medium,2022-09-20,2028-02-17,false,true,6,2019-08-16,
1030,Callahan-Odonnell,Investor,Technology,Good,"4730117727","4190583543",https://www.hernandez.com/,3027899.90,257,Private,"732 Burgess Loop
Perryborough, SD 10196","USCGC Robinson
FPO AA 04370",Top return defense article. Charge they rule morning real anyone ability senior. Customer message PM smile turn nature.,gilbert.com,"5876","190517705",JKV,Government,Medium,2025-06-16,2027-08-25,false,true,9,2022-09-28,
1031,Price and Sons,Partner,Education,Good,"3237673367","7479344821",https://alexander.com/,6426943.80,521,Government,"5537 Allen Keys Apt. 664
East Michaelberg, MH 87495","00342 Patrick Pass
Thomasmouth, MD 16371","Head sure interesting activity. Television begin indicate participant. Mission pull few high five great.
Fast police season employee outside fine call. Throw future example method stock ground.",carter-wright.org,"3385","431592231",QXC,Partnership,Medium,2023-02-20,2028-02-14,false,true,1,2019-10-21,
1032,"Mora, Brown and Lopez",Supplier,Education,Excellent,"1375298042","8237927136",https://sandoval-lane.com/,364809.52,465,Private,"00805 Simon Valley Suite 021
New Donna, TX 16305","86468 Cummings Canyon Apt. 600
Rayview, IN 21114","Too third student nothing. Class be leg finish generation method.
Impact party process character bank organization. Firm success her truth remain. Work even officer tell.",pope-pearson.org,"1032","113903648",SXK,Partnership,Low,2023-06-22,2028-07-02,true,false,2,2020-12-19,
1033,Hill PLC,Partner,Manufacturing,Poor,"4533349087","1027226753",https://www.pineda.net/,2906653.40,400,Private,"99940 Donald Hollow Apt. 319
Maryton, NJ 96690","82671 Galvan Villages
Morganview, NJ 36220",Hear whose truth that story white. You picture admit Congress environmental move learn require. Bit various final sport even especially.,moody.biz,"3386","918904657",MVA,Government,Medium,2025-01-02,2028-02-19,true,true,4,2019-10-21,
1034,Lee PLC,Partner,Technology,Good,"4596106098","2231715399",https://brown-sanchez.info/,7946080.25,871,Partnership,"6296 Brian Isle
Josephside, AR 34114","6631 Erica Isle Apt. 002
East Mark, WA 16833",Wear already site nothing accept. Realize campaign peace near. Almost if crime build be today.,clark-colon.com,"5258","451741892",UIB,Public,Medium,2024-09-05,2028-07-15,false,true,5,2022-03-01,
1035,Richardson Ltd,Investor,Manufacturing,Poor,"8778736550","1469285906",https://www.rodriguez.info/,1837510.94,992,Public,"9624 Matthew Green
Douglashaven, FM 42425","61426 Mahoney Row
East Elizabethbury, HI 65819","Including car tough score job art approach way. War case manage suffer treatment.
With offer southern who build develop along. Fall play class poor common play.",mcclure.com,"9732","834672072",HBS,Partnership,High,2023-03-17,2028-03-04,true,true,8,2021-01-24,
1036,Ferguson-Howard,Customer,Manufacturing,Excellent,"1423007148","8155419687",http://collins-jones.com/,6312922.91,636,Partnership,"PSC 3771, Box 1123
APO AE 87858","505 Williams Unions Suite 284
West Kenneth, CO 73175","I reveal parent yard class government. Part home and box surface learn plan.
Partner federal most they strategy. Situation music get policy official international cover.",gutierrez-anderson.info,"2431","263183488",MUD,Private,High,2025-10-01,2028-02-08,true,true,1,2019-08-07,
1037,Rodriguez-Moon,Partner,Manufacturing,Good,"6981418220","2882196923",https://brown-johnson.org/,717448.34,588,Public,"67042 Patricia Radial
Josehaven, OK 91121","70170 Wilson Islands Apt. 442
West Benjamin, TN 64897","Painting most lot various. Huge room his own charge owner must.
At city color believe. Gun activity pattern animal take bit drop.
Wide yard ago which.",ayers.org,"9425","977871244",VVV,Public,High,2022-11-22,2028-07-05,true,true,6,2021-05-19,
1038,Howell-Schmidt,Partner,Technology,Poor,"3673555508","0959511786",https://www.wells-dunn.net/,9927011.82,875,Public,"599 Deborah Trail
Lake Jenniferside, WY 89554","4736 Williams Crossing Apt. 982
South Edwardhaven, MS 12967","Energy eat debate near build career most. House instead culture traditional. Writer cultural design difficult truth address.
Give market black. I certain apply information.",soto-marshall.org,"5475","236390904",ZGO,Partnership,High,2023-05-28,2027-02-06,true,true,1,2019-03-10,
1039,Mack-Hernandez,Partner,Healthcare,Average,"6490014612","4504789812",http://www.kim-clark.biz/,9426689.44,208,Private,"95907 Carey Mill
West Katiefurt, CT 36491","PSC 2264, Box 9858
APO AP 65944","Mind couple arrive instead church idea trade. Far clear how education skill condition produce. Office box wide data.
Effort police determine seven rich happen. Agent fund today cause.",watts.info,"6758","699197690",VNF,Public,Medium,2022-02-13,2028-11-10,false,true,4,2020-02-17,
1040,Johnson LLC,Customer,Finance,Average,"6305081342","6989506783",https://www.day.com/,2922569.56,332,Public,"419 Sandra Prairie Suite 591
Stephaniefurt, AL 77422","9943 Samantha Haven Apt. 112
Lake Kim, NH 80929","As candidate national leg ability. Election contain check feeling range.
Particular few they international. Because cover then box often.
Parent we stop method.",flores.biz,"3247","528227092",WQK,Private,Low,2025-07-08,2027-01-05,true,true,10,2022-01-01,
1041,Garcia-Rivera,Partner,Healthcare,Average,"7733581462","6693581594",http://harrington-church.com/,2169386.90,906,Partnership,"4600 Webster Fall Apt. 043
Audreyview, AR 41646","USNS Decker
FPO AP 92325",Traditional garden within including space blue in. Big product reflect play hope back. With form front follow billion hold.,chen-kennedy.com,"3166","397758130",XXQ,Government,Medium,2024-12-19,2028-08-19,false,true,10,2019-11-12,
1042,"Valencia, Smith and Brown",Investor,Manufacturing,Average,"3514106003","6844227371",http://www.brown.org/,1857974.21,219,Private,"4041 Joshua Square
West Loriburgh, GU 40796","534 Thomas Extensions Suite 117
South Andrea, MD 74569","Past culture short today concern. House nothing course describe today here make.
Show do education sport. Out investment I interesting place again matter new.",miller.com,"8022","208848469",AIF,Government,Medium,2023-06-20,2026-12-25,true,true,2,2019-11-21,
1043,Price Ltd,Investor,Finance,Average,"6918467867","2782327564",http://www.hubbard-solomon.com/,6520500.58,386,Partnership,"809 Sanders Way
West Donna, WY 64778","43857 Samantha Glen Suite 400
Jonathanview, GU 35559","White skin could scientist firm. Rate fear organization measure ahead study.
Professional stage expect drop. Purpose look commercial walk ten.",perez-bennett.com,"6619","528797619",SBF,Partnership,Medium,2023-09-05,2027-05-26,true,true,1,2022-09-19,
1044,Scott PLC,Customer,Manufacturing,Excellent,"3299489165","5634631522",http://garcia.com/,2636595.11,568,Partnership,"432 Richard Prairie
Mirandaburgh, IA 61070","7014 Fields Row
Josephside, MN 04350","Court wall theory exactly section live need authority. Far care want next sit several nearly.
Cover pressure hospital score. Wide fund many card police method.",brady.info,"2149","415561126",SBM,Government,Medium,2025-03-14,2027-06-08,false,true,10,2020-04-20,
1045,Jordan Inc,Supplier,Education,Poor,"0322680660","4221839884",http://www.espinoza.com/,4572950.68,848,Government,"297 Austin Springs
Andreafort, VI 54699","2098 Renee Lane
Rebeccaton, SC 89706",Reality see character agreement. Rate suffer free fire stop still capital.,fletcher.com,"9956","452322406",QZD,Private,High,2023-06-30,2028-01-30,false,true,10,2019-11-14,
1046,Davidson-Bailey,Partner,Manufacturing,Excellent,"1327874189","4015107110",http://nelson-ross.com/,276052.15,996,Private,"3083 Derrick Forest Suite 086
South Shawn, GA 18937","PSC 9768, Box 7113
APO AA 15350","Free use management happy machine. Order subject group culture pass.
Hard professor mouth plant. Dream happy list war away mention land.",lee-gallegos.com,"8109","904541180",QJW,Partnership,Medium,2022-03-03,2027-05-31,false,false,6,2019-09-21,
1047,Rodriguez-Ortega,Supplier,Education,Good,"4040693049","7169326214",https://delgado.info/,861717.16,215,Partnership,"15288 Wendy Spurs
Youngside, TX 55747","27532 Jennifer Turnpike Suite 646
Port Kiara, SC 08726",Rock support hear realize general give. Camera major plant life exist fall agree treat. Ground tough project store around son remain.,kim-orozco.com,"7087","238475305",HNQ,Government,Low,2025-03-20,2028-05-22,false,true,1,2019-09-09,
1048,Bradshaw-Chapman,Investor,Healthcare,Good,"7701682442","6675659598",https://hampton.com/,2579109.77,679,Government,"6580 Baker Wall Apt. 294
North Allisonfurt, MN 41020","Unit 4689 Box 5159
DPO AA 31840",Tv carry assume we. About identify structure yeah forget perform. Return ask order yet decide last democratic. Tv system city strong know.,lewis.com,"2946","721355244",ABG,Government,Low,2024-11-22,2028-05-05,false,true,4,2022-10-08,
1049,Sullivan-Parker,Customer,Finance,Excellent,"3712282949","3274892587",http://howard-galvan.com/,2932643.80,764,Private,"066 Evans Circles
Jenkinshaven, MP 14295","707 Monica Throughway
Rebeccachester, VA 37166",Different real true morning better west. Particularly coach maybe. Grow investment admit attack.,cruz.org,"9949","743228312",JOM,Government,Low,2022-01-15,2027-01-06,false,true,7,2021-06-13,
1050,"Potter, Hoffman and Roberts",Investor,Manufacturing,Poor,"5061882340","7687648006",http://www.shaw.com/,8361287.80,493,Partnership,"PSC 6026, Box 2775
APO AA 69206","PSC 6795, Box 3988
APO AA 63133","Minute fight ball get pass capital. Series air minute.
Man exist half she quite your. I ok successful network field dream forget.
Sister their system ahead operation cold. Ahead soldier maybe.",pace.biz,"4679","563022933",PRP,Government,High,2022-06-30,2028-03-27,false,false,5,2021-04-23,
1051,Moore Ltd,Investor,Finance,Good,"5635207392","5009248578",http://solomon-miller.com/,5221302.50,910,Public,"93179 Kathleen Expressway
Cooleyshire, DC 05686","443 Cain Coves
South Earl, KY 44021","View property me. Large ball form identify page.
Wall only personal enter north everybody rest possible. Measure sign expert Democrat sport occur western. Firm economy discover when let worker.",jackson.info,"9391","434082255",WSG,Partnership,Medium,2023-01-07,2027-04-10,false,false,2,2021-02-28,
1052,"White, Gonzales and Spencer",Prospect,Manufacturing,Poor,"3852953081","7648222042",http://pena.org/,8247726.56,497,Government,"38406 Clayton Mills
Denisebury, FM 38052","203 Matthew Turnpike Suite 359
Benjaminland, ND 74283",Particular free painting only painting. Research must pay enough purpose trial evidence example. Skin push represent ten recognize.,taylor.com,"8837","550478324",DMC,Private,Medium,2024-09-24,2027-12-28,true,true,3,2022-09-01,
1053,Acevedo Ltd,Partner,Technology,Excellent,"9898489869","9608847968",https://www.mcknight.org/,6771743.97,959,Private,"8713 Tonya Orchard
West Jeffreymouth, WY 99199","65025 Patricia Estates Apt. 279
Port Christianport, WV 65508","May officer yard. Fact discover watch social. Cell mother none view number.
Across visit since that director. Fine show case also major picture. Idea whom collection your.",morton-johnson.net,"7158","201799546",QGK,Partnership,High,2025-07-25,2028-09-06,true,true,5,2021-06-11,
1054,"Petersen, Peterson and King",Customer,Manufacturing,Excellent,"5031253594","0688433545",https://garcia-coleman.com/,2028213.54,729,Private,"0861 Moreno Burg
South Victoriaville, AR 07574","647 Anna Knoll Suite 464
Angelaport, NE 17989","Ago north future behind market list.
Impact finally total crime argue power. Part most almost later within.",lowery.info,"9254","420718160",YNL,Partnership,Low,2025-06-21,2027-01-09,false,true,6,2022-08-09,
1055,Rogers Ltd,Investor,Technology,Good,"9589061488","9387301229",https://castillo.com/,755211.50,655,Partnership,"7859 Oneal Lake Apt. 419
Port Deborah, HI 49262","719 Rogers Unions
South Evanbury, ND 52138",Drop nothing start technology table. Open body rate. Foot get education. Education mean official without last alone get.,bryan.com,"4837","964421155",ZPV,Government,Low,2024-09-08,2026-12-17,false,true,6,2022-06-25,
1056,Pugh-Rodriguez,Prospect,Technology,Poor,"7403057370","1609049770",http://www.elliott-warren.com/,7751472.21,914,Public,"12118 Monica Crest
Hallside, CA 33140","073 Nicholas Prairie Suite 617
Lake Stephanie, CT 05700","More option down. Prove practice only develop range should. Threat around must beautiful soon wrong me.
Simply relate position. Interesting ground hour writer line agent sound because.",johnson.com,"6968","206775751",DCY,Government,Low,2024-12-12,2027-08-08,false,false,2,2020-11-28,
1057,Figueroa-Smith,Supplier,Finance,Excellent,"7654332765","5741334512",https://webb-brock.com/,4896832.03,393,Private,"31125 Rogers Locks
West Jeffrey, NH 31036","080 Hannah Falls Suite 816
Travismouth, NV 38247",Air thank high onto. Pull every best attention tend. Kitchen skin time court.,gibson.com,"3801","365227185",FRY,Private,Low,2021-12-30,2027-04-27,true,true,6,2021-12-25,
1058,Smith-Smith,Customer,Education,Average,"4757113294","0868961952",http://www.lynch.org/,3235617.80,25,Partnership,"PSC 7111, Box 3785
APO AA 31434","PSC 4753, Box 5519
APO AP 06989","Officer same civil ever. High minute executive big structure another.
Three herself late sense north treatment late. Black level girl hold under.",lin-duffy.com,"6014","117583091",HRZ,Public,High,2024-03-15,2028-08-11,true,true,1,2021-12-16,
1059,"Carrillo, Williams and Hood",Prospect,Healthcare,Poor,"8259321949","4439993960",https://garcia.com/,4886904.35,878,Government,"6506 Contreras Isle
West Daniel, WI 93459","2576 Dylan Points Suite 494
East Tonya, VT 25224",Somebody source church into service represent as understand. Director with rule down investment project. Marriage nothing possible.,barnes.com,"8950","645787131",SVW,Private,Medium,2024-04-17,2027-09-10,false,true,10,2021-09-25,
1060,"Herrera, Franklin and Harris",Customer,Technology,Average,"7250556926","7590507858",https://www.fischer.org/,2620147.30,386,Government,"00654 Carlos Harbor
New Roger, NV 29284","Unit 2575 Box 0461
DPO AE 51669","Event imagine food town. Gun speech light say student south. Manager tree tree issue talk.
Knowledge recognize crime price who article. Education expect reality. Finish game early fill.",barrett-harrison.com,"1234","656372767",AJO,Public,Low,2025-10-04,2028-09-13,true,false,3,2021-12-12,
1061,"Miller, Berry and Morton",Partner,Education,Average,"2725959621","9962001394",http://hess.biz/,6996330.83,509,Government,"912 Moore Greens Apt. 267
Davisberg, LA 98818","320 John Hills Apt. 119
New Jeffrey, ID 87288",Rich represent nature area their teach drug choose. Throw relationship arm none. Question heavy soldier fly spring fire culture too.,cox-obrien.info,"8019","998402894",ZRN,Public,Medium,2025-03-29,2027-12-23,false,true,4,2022-09-27,
1062,Meza Ltd,Supplier,Education,Excellent,"0692581583","2086444168",https://cuevas.net/,5124179.97,146,Government,"9992 Kathleen Flats
Andersonshire, UT 39054","Unit 8666 Box 0554
DPO AE 20091",Trouble shake give general table especially that no. Paper amount occur cost. Everything many clearly condition apply might.,david-arroyo.org,"6739","831737377",AJR,Partnership,Low,2022-03-09,2028-07-03,false,true,5,2019-04-24,
1063,"Dixon, Vega and Cobb",Supplier,Manufacturing,Average,"2528627178","3335723159",http://barton-cox.net/,3698289.81,293,Public,"7798 Davis Estates
New Amanda, NY 88987","105 Wilson Tunnel Apt. 235
Michaelmouth, MD 86560",Charge your door owner democratic. On their practice address health. Certainly score real develop.,nguyen-velasquez.org,"6733","570537610",EEK,Public,Low,2025-12-04,2028-02-24,true,true,3,2021-02-17,
1064,"Raymond, Andrade and Watkins",Partner,Manufacturing,Excellent,"1511561506","4251700380",http://www.hall.com/,4383210.83,674,Public,"3157 Nicholas Drive
New Bruce, CA 30355","1427 Rodriguez Walk Suite 316
East Shannon, OH 92398",Personal include movie respond other forget. Wait quite wear power want nature worry recently. From however raise sell record plant.,dickerson.biz,"8712","555166289",AZN,Government,Medium,2023-11-25,2028-06-16,false,true,2,2021-05-03,
1065,Ashley Ltd,Supplier,Healthcare,Excellent,"1561373796","0267030480",http://long.com/,2144479.03,854,Private,"4330 Richard Road
South Hunterfurt, FL 35532","8410 Turner Run Apt. 588
Port Raymondshire, DE 91709",Red his lay article capital thought. Loss mother especially stuff free difficult but.,mercer-gallegos.com,"1555","911923720",CFR,Partnership,High,2023-08-18,2027-02-27,false,true,2,2022-12-04,
1066,Garcia-Caldwell,Supplier,Education,Average,"3797720909","0883741414",http://macdonald-freeman.com/,2865441.94,167,Government,"7633 Frey Square
North Michaelshire, VI 99786","PSC 7582, Box 6061
APO AE 76490","Real sister summer dream.
Woman window team war deep. Campaign fine show sell music. Pass stay billion increase.",lee.com,"2702","909306337",ZJI,Partnership,Medium,2024-10-07,2027-12-04,true,true,4,2021-10-09,
1067,Thompson-Reynolds,Customer,Manufacturing,Poor,"7257226802","9794914112",https://www.rodriguez.org/,7912330.88,95,Private,"39206 York Viaduct
Kennethfort, RI 09511","16605 Abigail Glens
Collinstown, WI 72112","Make laugh conference instead. It than war phone anything of. Provide challenge stay state size.
East break range sell near power second teach. Care home process image true.",humphrey-morales.net,"9281","338968618",WLU,Government,Medium,2024-02-17,2027-06-02,true,false,1,2019-12-24,
1068,"Fletcher, Allen and Foster",Supplier,Technology,Poor,"6604853080","8493908124",http://miller-steele.com/,7071206.23,651,Private,"267 Rachel Union Apt. 697
West Victoria, HI 39531","003 Brandi Forest
Port Mark, KY 32039","Take affect concern land explain make. Her person scientist street painting.
Show minute inside visit shoulder general talk.",sanchez.com,"2215","379150754",DMT,Private,Medium,2024-05-27,2028-07-15,false,false,8,2022-04-06,
1069,"Garrett, Walsh and Anderson",Prospect,Technology,Good,"1233063652","9731370266",http://chandler.biz/,9402213.10,625,Public,"577 Davis Forks
Wattsburgh, AZ 30113","73664 Riley Dam
New Annetteville, TX 86169","Middle might practice. Quickly western official street determine. Chair politics what senior leader sort then.
Issue policy play quickly hope. Foot cup public quality.",alvarez-ruiz.com,"7903","577896765",QRE,Government,High,2025-10-28,2027-11-08,false,true,4,2022-02-14,
1070,Bailey-Bruce,Supplier,Technology,Good,"2068488482","2902749870",https://www.johnson-mitchell.com/,5021308.33,850,Partnership,"50975 Courtney Harbors Apt. 011
Moorefort, FM 68466","USNS Brown
FPO AA 49209","Bar spend body try. Debate American score.
Risk world hit management building. Such cultural specific.",smith.biz,"6187","934959061",FSB,Public,High,2023-11-08,2027-07-10,false,true,2,2021-04-21,
1071,"Gutierrez, Moore and Buck",Partner,Finance,Good,"7139060563","1764617317",http://www.anderson.com/,9637565.31,897,Public,"8548 Harold Hollow Apt. 675
Lake Crystal, FM 49421","427 Joseph View
Rogersberg, ND 22951",Issue even notice similar. Few happy alone military. Two apply executive. House such success charge simply success identify.,marshall.com,"5758","609819810",UWR,Private,Low,2023-12-30,2028-10-02,false,false,1,2020-12-13,
1072,Gibson Group,Investor,Manufacturing,Average,"1555319068","8872002221",https://combs-fields.com/,6588062.32,58,Public,"6354 John Village Suite 521
Williamsmouth, VA 37299","17462 Kennedy Glen Suite 038
Fisherton, OR 83711",Production campaign easy ball. Reason order minute president various goal change. Practice within film enjoy fight ever.,zimmerman.com,"4994","758456545",VTL,Partnership,High,2025-09-18,2028-11-15,false,false,7,2021-04-12,
1073,"Mclaughlin, Lee and Frost",Prospect,Technology,Poor,"3516112878","8512723826",http://www.martinez-burke.com/,4629649.05,315,Public,"5651 Garcia Spring Apt. 081
Lake Melvinfort, MN 41201","78853 Mcdonald Meadow Suite 332
North Kristina, KS 02261","Shake authority step enjoy feel. No yourself commercial good research. Spring character every.
Major able compare trip decide run. Those perhaps foot everybody. Let stand capital mission page.",barber.com,"3095","557061133",NQL,Government,High,2022-03-23,2027-02-11,true,false,6,2019-12-26,
1074,"Martin, Klein and Miller",Investor,Finance,Good,"2739479949","2696388839",https://cole.org/,4551126.62,431,Partnership,"3949 Jesse Spring
Henryton, NM 71123","Unit 5922 Box 5601
DPO AE 80044",A final worker laugh increase not agent. Thing then poor. Board teacher price billion. Would dream best analysis book as.,haney.com,"1467","805700483",HPW,Private,High,2023-05-14,2027-12-24,true,true,5,2020-12-24,
1075,"Luna, Stevens and Mccoy",Customer,Healthcare,Excellent,"1673840997","7957965432",https://www.montes.com/,7732047.17,64,Partnership,"915 Robert Forest Apt. 700
Andreastad, LA 16073","489 Campbell Underpass Suite 792
Coreystad, HI 72685",Task skill system wear. Find central simply prove hand production. Relationship if Democrat school later stand. Certainly item many week either during law hope.,bennett.com,"9911","730194660",GYN,Partnership,Low,2023-06-18,2027-06-28,false,true,2,2019-07-18,
1076,Cunningham-Long,Investor,Healthcare,Excellent,"7717544464","5640828776",http://wilson.net/,4599926.87,476,Partnership,"50570 Rojas Mountains
Colemanburgh, TX 11195","71139 Susan Prairie Apt. 569
Nelsonberg, MP 78610",Quickly movement campaign. Half at half only green. Smile without with for conference high lawyer free. North series car edge.,stokes-burns.info,"9917","172408349",ENJ,Private,High,2024-05-26,2027-09-28,false,true,5,2020-06-11,
1077,"Lester, Barrera and Patrick",Supplier,Technology,Average,"5588664057","5959159487",http://ritter-huang.org/,8045146.28,296,Government,"6459 Maria Fork
South Thomas, OK 19534","4845 Anthony Orchard
South Clifford, VT 21248",Involve keep data reduce. Make public trial day service walk organization. Certain chair the visit.,patel.com,"4987","555308839",EOO,Government,Medium,2024-11-28,2027-10-15,true,false,9,2020-02-10,
1078,Soto LLC,Prospect,Manufacturing,Good,"2537691466","3328523288",https://evans.com/,9189372.17,895,Private,"USCGC Martinez
FPO AP 35488","193 Carol Prairie Apt. 659
Lake Paulaland, DC 13766",Until charge include tree important. Significant certain lead official whether common. Later good matter pay.,jensen-bryant.com,"1284","322194970",SMD,Government,Medium,2023-05-23,2027-02-22,true,false,1,2021-04-11,
1079,King Ltd,Partner,Education,Good,"2153093549","0855477000",http://www.johnson.com/,9040098.83,787,Government,"54136 Davis Mills Apt. 633
New Jenniferport, WA 45376","USCGC Bradford
FPO AP 56465","Note arrive own road more. Federal concern traditional option. Back protect teach person change store pull suffer.
Fight wish most.",woods.com,"2978","158313933",KUE,Private,Medium,2025-04-27,2028-01-30,false,true,5,2022-02-16,
1080,Whitaker-Combs,Customer,Finance,Good,"9668266083","4682795485",http://simmons-buck.biz/,2348682.81,377,Partnership,"1806 Day Mill Suite 322
Derricktown, IA 50108","318 Annette Place
Emilymouth, WA 39071",Risk parent amount will class life evidence. Standard watch already responsibility draw public. Three wear security newspaper.,sherman-robertson.com,"3704","830493174",BKA,Private,Medium,2023-04-09,2028-09-13,false,true,1,2019-11-06,
1081,Francis-Wall,Customer,Finance,Average,"9497782159","9642172742",https://www.bryant-white.com/,2435228.57,425,Partnership,"59326 Clarence Burgs
North Erikatown, DE 14986","5101 Jessica Light
Jeremiahberg, VI 88809","Memory consumer fill day resource role. Structure feeling part peace environment everyone wide. Reveal term describe.
Lose reason move reflect. Mission even say head power.",maldonado.com,"3778","112372063",DXF,Private,Medium,2024-06-07,2027-11-02,true,true,6,2019-11-13,
1082,"Hanna, Harris and Leach",Supplier,Finance,Excellent,"2530158553","7877753199",https://www.kennedy.com/,2146284.58,945,Private,"43823 Rose Vista Suite 843
Banksfort, PA 69217","041 Flores Neck Suite 806
East Ruth, CA 03341","Tv rather both skill create. Cup board call treat available general. Discover enjoy west week day establish.
Major growth finish special where employee. Week voice become score serious country.",luna.org,"8909","510025841",RJA,Public,Low,2023-01-02,2028-07-17,true,true,3,2022-01-01,
1083,Brown Inc,Investor,Healthcare,Good,"1171208703","7618816324",http://www.harrison.info/,8666144.14,698,Partnership,"1954 Huffman Extension Apt. 520
Julieberg, WI 98767","1044 Ferguson Corner Apt. 318
Kellyshire, GU 70960",South center specific without time. Executive yet sell old deep fear.,scott-simmons.net,"8718","172542648",QYW,Government,High,2021-12-20,2028-02-21,false,true,10,2019-12-14,
1084,Williams LLC,Partner,Finance,Average,"2118236417","4297608249",http://www.lynn-chavez.info/,3494953.42,944,Private,"PSC 2775, Box 5964
APO AE 84130","0711 Paul Radial
Bradshawshire, OH 04749","Likely information worker human recently eye. Allow if energy service their. Require how much where interest.
Toward let nice deal less lead. Successful special religious society citizen.",norris.com,"4431","860535331",AZY,Government,Low,2022-08-24,2027-01-31,true,true,3,2019-01-02,
1085,Ball Inc,Investor,Healthcare,Poor,"2358206929","2771327331",https://lopez.com/,7539631.85,771,Government,"044 Brian Lakes
East Shannon, OR 09743","5462 Christina Lock
Anthonytown, VT 14217","Mother practice decision certain image. Challenge manager across.
Agreement hair will forget ask personal. On weight hand capital another black media. Win amount expect.",taylor.com,"2821","415930409",BDZ,Public,Low,2025-01-03,2028-02-14,true,false,1,2021-07-08,
1086,Parker and Sons,Investor,Technology,Poor,"9897703973","5952486726",https://www.rodriguez-paul.info/,9234636.94,204,Partnership,"43281 Francis Pine
Masonberg, SC 97001","0613 Reed Brook
Fosterview, FL 91384","Treatment conference heart easy so later try. Great political tough feeling bill rock.
Outside order bank your. See kid mouth indicate drug.
Cost western subject enter wall phone compare.",mcbride.com,"6594","152482161",HBC,Partnership,Low,2022-02-04,2027-12-30,false,true,7,2020-10-01,
1087,Jones-Henderson,Supplier,Technology,Average,"4101965565","0002986688",https://www.cervantes.net/,6123436.85,312,Government,"9279 Wiley Wall Suite 463
North Benjamin, MH 25130","5790 Lisa Burgs
Lake Lisachester, NY 30727","Understand level note professional particular thing. Mean buy role right when.
Billion free experience mouth name agreement consumer.",cooper.com,"9610","413748408",PKF,Private,Low,2024-11-30,2027-03-01,true,true,5,2020-07-12,
1088,Huerta PLC,Customer,Technology,Poor,"5642042100","1599280049",http://russell-gonzales.biz/,1720381.43,51,Private,"063 Lisa Stream
Jenniferstad, AR 48446","0187 Johnathan Parkway
Whiteside, MO 53809","Surface account guy situation so. Color day beautiful under sell dream arm certainly.
Understand former forward occur eight a pay. Site live sort impact simply interview. Stage baby their left.",werner.com,"1842","413465335",VEF,Government,Medium,2022-08-25,2026-12-12,true,true,1,2019-09-01,
1089,"Hoover, Kim and Williamson",Partner,Manufacturing,Poor,"5183086835","2098283556",http://vega.com/,7496434.30,681,Partnership,"754 Lambert Extension Apt. 870
New David, SD 10868","3598 Aguilar Court Suite 147
Port Coreyville, RI 08745",Game wall moment. Different skill condition measure south risk save statement. Education do forget dark call small daughter.,conley-arnold.net,"6166","269153128",ZEF,Private,Medium,2024-03-16,2027-08-18,true,true,3,2019-10-02,
1090,Levine Inc,Investor,Education,Average,"4006899257","2497160877",https://mays.org/,3524191.99,760,Partnership,"71433 Malone Parkways
Leemouth, HI 63386","426 Beck Creek
Melissahaven, NH 68842","Those least history effort. There receive another watch ten. Other describe his read.
Population strategy west represent beat their indeed. Provide where military oil.",prince-mitchell.com,"9801","251264692",XIM,Public,Low,2024-07-18,2027-11-08,true,true,1,2020-07-07,
1091,Pittman-Smith,Supplier,Finance,Good,"4252344674","6336404346",https://www.ramirez.com/,1281725.16,46,Public,"679 Dana Center
West William, SC 28339","832 Martinez Islands Apt. 103
South Audrey, IA 07307",House white police agree. Degree term truth human. Less case civil anyone nothing happen production.,lawson.com,"3414","260020638",FES,Public,High,2024-06-16,2027-04-30,true,false,5,2020-07-14,
1092,Gibson-Carrillo,Investor,Finance,Poor,"7886778421","0737500611",http://matthews.info/,1843098.75,995,Public,"PSC 3817, Box 3235
APO AP 44072","706 Anthony Parks
Howardhaven, ND 77224","Detail others interest myself newspaper inside capital science. Democratic agreement central phone.
Suddenly still almost him. Many church vote eye. Trade so political college.",thomas.com,"7425","610912688",NNI,Public,Low,2024-07-08,2027-12-14,true,false,1,2022-04-28,
1093,Petty PLC,Partner,Education,Poor,"9383520409","4795497138",http://taylor.info/,3641878.56,121,Public,"5629 Andrews Ville
Malloryton, CO 93121","0457 Michelle Pine Apt. 680
West Vanessa, HI 36721","By to soon group. Number increase science at individual mention note skin.
Teacher newspaper need series after. Give boy lose these amount help.",ellis.com,"5487","636701604",BNL,Public,High,2023-04-28,2028-08-27,true,true,6,2021-12-12,
1094,Carter Group,Customer,Finance,Average,"5394296187","6519456853",http://roberts.org/,1008170.20,727,Public,"3057 Garcia Harbor
Port Philipville, NM 74800","USNV Lee
FPO AE 44623",Bag economic condition parent. Country will feel message himself however. Public move natural.,coleman-brown.info,"9953","466162394",YNC,Private,Low,2025-09-29,2027-10-23,true,true,3,2021-10-11,
1095,Carr and Sons,Investor,Finance,Good,"1246264512","2341272664",https://www.miller-figueroa.com/,2851658.03,350,Private,"02735 Diana Junction
North Brandi, GU 83635","2519 Griffin Mission
West Kristin, AZ 89812","Any later very bag. This upon middle.
Might lay eight under.
Last store but drug no. Address after ahead until they owner will.",smith.com,"9966","173736156",TSQ,Partnership,Medium,2025-10-13,2027-07-26,false,true,10,2019-10-22,
1096,Morgan-Martinez,Customer,Technology,Average,"7848805490","7170846304",https://www.cox.net/,7324535.50,367,Government,"5520 Waters Forge Suite 205
Baldwinbury, GU 42073","34811 Simpson Mountain Apt. 834
West Seth, NV 78226",Industry provide group check whatever area against production. Base economic analysis say my firm miss sound.,warren.com,"8084","615530318",QDP,Partnership,Low,2022-12-12,2028-04-10,false,true,5,2019-05-03,
1097,Adams Inc,Partner,Manufacturing,Good,"2222452252","3547895640",https://navarro-schaefer.net/,3829517.34,309,Government,"3255 Natasha Springs
North Elizabeth, OK 63639","Unit 6582 Box 4113
DPO AP 76035",Suddenly white style machine service. Method prove effect treat cut. Herself cut commercial cultural matter.,rollins-underwood.info,"7739","802431736",HRC,Government,High,2023-09-29,2027-06-04,false,false,8,2020-08-18,
1098,"Davis, Warren and Bryant",Investor,Manufacturing,Average,"0598184049","9967273264",https://richardson.net/,700537.10,154,Government,"Unit 2837 Box 3680
DPO AP 72804","701 Laura Passage Apt. 643
Lake Adam, VT 42186",New arrive south attention age simply arrive spring. Mouth along ground expert town positive. Matter customer style author he.,cole-hill.com,"4243","252295844",EFG,Private,Medium,2024-11-09,2028-02-12,false,true,4,2019-07-27,
1099,Grant Ltd,Prospect,Technology,Poor,"3820902034","8362160748",https://krueger-daniels.net/,9205375.13,857,Public,"4310 Johnson Mill Apt. 199
Lake Ryan, FM 71273","470 Johnson Junction
New Michellemouth, NE 01261","Each military name place record piece put. Window teacher newspaper. Crime rest body box wonder large day.
Popular detail manage prepare hour herself. Quite build forget strategy allow exist.",medina.biz,"7466","173043882",MQV,Partnership,Low,2024-10-17,2028-05-19,false,true,9,2019-01-27,
1100,Brown-Melendez,Investor,Education,Poor,"2634697535","1599412352",https://www.christian.net/,9919424.64,667,Partnership,"599 Miguel Oval Suite 999
Sandersside, DE 75886","0528 Marcia Fords Suite 218
Boydport, HI 60707","More popular important room. Pressure between camera agency television as why.
Stay free them push. Your speech skin matter notice.",gonzales.net,"4356","982071903",XMW,Public,Low,2024-01-26,2028-01-09,true,true,7,2021-03-29,
1101,Mann-Roberts,Prospect,Education,Poor,"4369510628","6512151024",https://www.logan.com/,5333044.60,371,Government,"USS Salinas
FPO AA 80280","910 Michael Ranch Apt. 000
Blacktown, PW 52414",Course staff remember think usually often. Indicate before these candidate go near bill. Often alone main risk force arm bill policy.,hall.com,"4768","963193712",RYN,Partnership,Low,2024-02-15,2028-06-12,false,true,1,2021-01-12,
1102,Hernandez and Sons,Investor,Manufacturing,Poor,"9292726459","2456610705",https://www.perkins.com/,6429039.17,317,Partnership,"116 Mercado Garden Suite 624
Arthurton, MI 08529","26789 White Rapid Suite 245
Port Neilbury, MA 40963",Stock activity history evidence. Special hold radio machine music skin seven. Actually focus to against maintain per focus. Open appear center for.,clark.org,"6849","230926052",MZS,Public,Medium,2024-07-13,2028-04-19,true,false,10,2020-12-23,
1103,Melendez-Park,Prospect,Technology,Good,"5523454582","1238706649",https://www.murphy-brown.net/,7622283.48,32,Public,"593 Katie Oval Apt. 766
Smithmouth, MN 59073","55358 Munoz Hills Apt. 000
New Scott, VA 28848",Speech small operation rise old dinner force standard. Thing authority still need physical edge already.,hall.com,"4348","290264839",ZUV,Private,Medium,2025-04-19,2026-12-14,false,true,3,2019-05-01,
1104,"Johnson, Mcknight and Cabrera",Supplier,Manufacturing,Good,"8664939741","8477817521",http://brown.info/,4885815.15,496,Public,"758 Pamela Viaduct
Robertshire, ID 61103","44142 Kevin Circles
East Matthew, NJ 84589","Theory mean describe late set him. Source certain true safe. When in receive onto.
Worker customer exist visit son. Report student majority week dream everything turn.",anderson-colon.com,"3624","149216870",QKB,Partnership,Medium,2022-12-20,2028-05-17,false,true,7,2019-11-05,
1190,Gilbert and Sons,Supplier,Education,Average,"1364945741","8230298935",https://houston-weeks.com/,7588735.32,913,Government,"96104 Kelly Walk
South Deannamouth, MN 71997","63064 Michael Forge Apt. 623
East Brandon, DE 48807",Stock lot who might. Actually interview measure stand they case.,yates.info,"3506","468682067",UGW,Government,Medium,2023-06-06,2028-03-27,false,false,4,2019-02-11,
1105,"Cross, Lyons and Reyes",Investor,Manufacturing,Good,"0735758558","5006179418",https://giles.biz/,781724.30,505,Private,"44990 Kenneth Keys
Jenniferview, CT 67985","151 Adrian Parkway
Melodyport, OK 70972","Or hope above water. Dream analysis learn degree most show.
Never special TV. Summer control tree hair. Physical someone away save sister try.",morton.net,"6922","247828062",OGQ,Partnership,Medium,2023-01-12,2028-09-16,false,true,10,2021-05-16,
1106,"Miller, Hubbard and Small",Investor,Manufacturing,Good,"4749758758","3651393280",https://www.martin.net/,178108.62,253,Public,"457 Phillips River
Davidmouth, OK 81294","479 Beth Dam
Kelleyborough, DE 03308",Give inside two shoulder end relationship. Program technology alone. Firm customer they institution building apply rise face.,gutierrez.biz,"9497","712422621",ELR,Partnership,Medium,2022-03-31,2028-06-10,true,true,10,2019-08-11,
1107,Hanson and Sons,Investor,Education,Excellent,"6120322988","6186960979",http://jackson-oliver.com/,6671261.83,897,Private,"9912 Logan Bridge
Wagnerchester, UT 25432","3625 Howe Square Suite 544
Lake Jackville, CO 16358",Manage vote he through seat feel often help. Whether together poor start paper consider.,nichols-dawson.biz,"4280","434542047",ICN,Public,Medium,2023-12-01,2028-02-10,true,false,7,2021-03-20,
1108,Scott and Sons,Customer,Technology,Excellent,"6952917721","0079673777",https://www.copeland.com/,5847956.56,211,Partnership,"4381 Horton Trace Suite 791
Port Jonathan, MO 66564","83427 Warren Common Apt. 465
North Cheryl, NC 62752","Charge always wind expert. Man write treat participant carry.
Upon around reason new.
Idea site human. Affect war message onto off include particularly.",gonzalez.net,"1228","532912801",PYC,Partnership,High,2022-04-23,2027-01-10,false,true,3,2020-07-31,
1109,Cruz-White,Customer,Healthcare,Excellent,"1886648756","2902473545",http://turner-stephens.com/,4439843.83,140,Private,"595 Williams Heights Apt. 877
Norristown, AL 85387","749 Michael Union Apt. 356
Mcphersonberg, VI 76912",Position might accept reach amount put. Director fund company wife turn game. Although since him method although.,patel-king.com,"1198","269545425",JCW,Partnership,High,2024-08-12,2028-01-22,true,true,6,2021-03-09,
1110,Cook LLC,Partner,Manufacturing,Poor,"6924728004","6621425248",http://day.net/,8297668.99,480,Government,"7498 Jonathan Expressway
Poolestad, GA 44840","449 Rose Drives Suite 460
New Megantown, LA 15510","Floor fly window firm. Include note public them.
Key western conference boy house. Them meet establish join. Social audience sometimes generation hot over station.",rios.com,"9367","390746101",IZT,Partnership,High,2025-07-03,2027-05-20,true,true,2,2021-01-23,
1111,Cardenas LLC,Prospect,Healthcare,Good,"5261646175","4987199814",https://young-chang.biz/,7384397.91,441,Government,"50156 Johnson Crescent
New Charles, RI 31961","0488 John Passage Suite 062
Benjaminfurt, FL 04947","Him five explain any whole. Allow nor police there.
Drug summer however history threat through stock cold. Will major pay know particularly probably unit.",guerrero-zamora.info,"3556","153772082",CAQ,Government,High,2022-10-19,2027-12-08,true,true,6,2019-07-16,
1112,Kelly-Edwards,Partner,Education,Poor,"2211479205","7261448813",http://lin.com/,4053683.82,556,Public,"431 Timothy Lodge Suite 121
Davisburgh, LA 85356","098 Isabel Ports
Bakerborough, WI 67356","Least against month. Authority five executive toward us young.
Key will according by. Long tax traditional cut late. Current drop without.
Thus hospital order other. Want usually continue natural.",harrell-thomas.net,"2424","399842736",JBM,Government,Low,2022-11-24,2027-09-19,false,true,7,2019-11-20,
1113,Garcia Inc,Investor,Healthcare,Good,"7002905986","5461300089",https://www.moore-fleming.com/,371676.51,109,Government,"416 Chase Island
East Brenda, IN 69723","12199 Michael Squares
Goodwinfort, AS 63836","It stop voice lead there. Doctor go miss lot beat game nearly. Side bag clear public cold.
Already free fast meeting. Yet information thank enjoy. Act garden nearly yourself that skin cut.",montoya.com,"9378","802506076",NLT,Partnership,Low,2024-07-17,2028-11-29,true,true,7,2021-08-25,
1114,Thompson Group,Prospect,Healthcare,Average,"9796339272","3826750249",http://brown.biz/,1536078.92,657,Partnership,"155 Stephen Oval
East Heatherland, PW 17071","58931 Villegas Greens
Stricklandtown, NM 00991",Seek perhaps leg do. Near finally institution expert grow. Place certain meet act capital movement.,baker.info,"9518","763915575",IBR,Partnership,High,2025-09-15,2028-11-03,false,false,9,2019-06-04,
1115,Johnson-Miller,Supplier,Manufacturing,Average,"8013322494","7092873358",https://fritz.info/,7594280.77,544,Government,"55047 Miller Plain Suite 382
Lawrenceview, PW 52120","0574 Heather Brooks Suite 062
Spencermouth, OR 26250","Dog in radio mention science most.
Bill war true explain resource.",hardy.net,"1211","643120863",KWI,Public,High,2025-10-26,2027-12-22,false,true,7,2020-02-05,
1116,Castillo-Moore,Supplier,Technology,Average,"4975621789","7238645515",http://gregory.com/,8215735.87,543,Partnership,"488 Jack Valleys Apt. 310
Port Roy, MN 51717","74317 Liu Forks Apt. 735
Lake Heatherton, NY 15616","Investment simply feel husband. Become try now sign away anything easy create. Current these work treatment.
Indeed medical particular book. Friend fill option no design.",lewis-douglas.com,"9732","630034348",DMU,Public,Low,2024-02-05,2027-11-29,false,true,8,2020-03-28,
1117,"Fox, Scott and Hines",Partner,Manufacturing,Excellent,"8909709992","8601239171",https://dickson.com/,4985067.19,830,Private,"39358 Rachel Gateway Apt. 988
Coxtown, ID 13018","01056 Juan Unions Apt. 580
New Rachelmouth, ME 50046",Military source begin almost perform research lose. Interesting his history clearly. Spring decision situation find mean daughter foot.,parrish.com,"3138","343821487",RPZ,Public,High,2025-08-22,2027-05-21,true,true,5,2020-08-15,
1118,Griffith-Thomas,Customer,Manufacturing,Good,"0916957689","0775829550",http://townsend.biz/,5995221.61,381,Government,"077 Jonathan Branch
Johnsonchester, NM 01794","996 Manuel Causeway
Stacymouth, PR 37262","Peace person truth network final affect morning. Word art community green your crime husband.
Either increase life newspaper. Civil month first property officer. Easy picture dream community.",crawford-hamilton.com,"7768","836257853",SAG,Partnership,High,2024-09-29,2028-08-14,true,true,6,2022-06-24,
1119,"Moreno, Fisher and Davis",Partner,Healthcare,Excellent,"2896095179","9817062984",http://king-townsend.org/,8589925.81,314,Partnership,"284 Lopez Walks
North Sarah, CT 15557","525 Melanie Crossroad
North Jenniferhaven, NC 96070","Choice shoulder teach and within. Need factor spring student fire. While against physical test commercial address or.
Hospital model green type economic interest. Analysis deal condition finish.",hunter.net,"9514","803939098",ONB,Public,Medium,2023-11-14,2027-09-25,true,true,3,2022-10-15,
1120,Knight Inc,Investor,Healthcare,Excellent,"1271735241","0624509212",http://www.bell-day.com/,108038.41,583,Public,"7111 Mayo Village Apt. 323
Lake Douglasfurt, LA 13870","56972 Ayala Skyway Suite 198
South Joseph, CA 35722","Standard federal religious move.
Personal hundred machine together food. Moment end product. Maybe guy scientist something sign environment senior.",glover.com,"5955","772097543",JZB,Partnership,Medium,2023-03-10,2028-06-06,true,true,4,2021-02-03,
1121,"Jenkins, Fields and Johnson",Prospect,Technology,Poor,"2441446878","3610970257",https://www.tran.com/,2917347.53,708,Private,"126 David Highway
Knappbury, WI 32038","940 Tony Oval
New Catherine, OH 81526","Night set would be. Wall cup itself our up interest. Learn respond seven administration model religious.
Hard sign front fine thus positive claim.
Would clearly listen indicate key everything kid.",chandler-johnson.com,"5222","224910427",JGJ,Partnership,High,2023-11-19,2028-01-03,true,true,2,2022-09-03,
1122,Hebert-Fisher,Customer,Technology,Poor,"9647304148","2699748658",http://www.moyer.info/,734334.34,968,Government,"PSC 9415, Box 5522
APO AA 94516","389 Gonzales Spurs Apt. 302
Greenehaven, ID 24960",Majority economy certain run see very him. Indeed question training station choice offer institution. Wear recent his together find million occur.,wilson-williams.com,"7256","198327341",LWL,Private,Medium,2025-10-12,2028-04-11,false,true,3,2020-06-10,
1123,Cervantes-Cooper,Customer,Finance,Average,"9754607399","8201170252",https://www.fowler.info/,1904720.52,964,Private,"816 English Place
Smithbury, LA 17011","PSC 5553, Box 4691
APO AE 53405","Success practice exactly about. Tend police nearly during economic risk pick join. Test sport there.
After scene drop know prevent. Increase direction lose consider head factor until test.",grant.org,"9860","273795462",XOC,Public,Medium,2023-06-11,2028-02-14,false,false,5,2022-10-11,
1124,Morse Inc,Supplier,Education,Excellent,"3105527967","3995687767",http://www.chan.com/,2754929.61,36,Government,"8621 Andrew Drive
South Emilyville, PW 31021","6700 Brenda Mountain
Scottside, MT 83387","Poor should approach question. Worker fill set size simply. Might help leader same development consumer.
Newspaper great pattern enjoy.",campos.com,"9043","273008376",ABO,Private,Low,2022-12-21,2028-11-30,true,true,2,2020-09-30,
1125,Ortega Group,Partner,Education,Poor,"3310825136","5027916549",http://bennett.com/,8644571.08,930,Private,"09755 Gregory Circles
New Edward, VI 64301","1921 Christina Mission Apt. 403
Griffinfurt, NJ 30293",Nor around oil society budget give size. Up us public face entire expert section nice. Whom night hospital would may. Foreign audience now skin scientist.,lee-carlson.com,"6905","768541482",MDJ,Public,Medium,2022-04-24,2028-02-29,false,true,9,2021-11-06,
1126,Morales PLC,Investor,Finance,Excellent,"4048645676","6418849530",https://grant.org/,2583894.82,843,Private,"16923 Gardner Branch Suite 078
New Tyler, VI 45864","069 Jill Shores Suite 534
Aaronton, WV 90919","Standard building seven art include ground. Reality per else small these. Conference employee read where information career.
Into two want side society. Probably air hot appear kitchen policy.",conner-bradley.info,"3392","824965747",MWM,Partnership,High,2023-12-26,2027-05-10,true,true,9,2022-09-03,
1127,James Group,Partner,Finance,Good,"1841939397","7016340549",https://www.calhoun.com/,4054146.63,744,Partnership,"77411 Carol Crescent Suite 291
Olsonstad, WV 79362","9551 Jones Trafficway Suite 365
Port Jason, MI 23316","Physical seven so environment. Brother could language quite piece themselves statement they.
Authority determine memory market do TV recognize. Third fact minute listen. Happy draw her media effort.",winters-yang.com,"2079","611628883",TOG,Government,Medium,2024-06-02,2028-10-07,true,true,1,2019-01-07,
1128,"Johnson, Clay and Mendoza",Investor,Manufacturing,Good,"6013731128","8904339763",http://henry-hall.com/,9311104.29,718,Partnership,"58858 Stevenson Port
West Bonnie, MS 46671","440 Hale Corner Suite 084
Jamesview, GU 20201","Apply hundred yard language dinner decide.
Ten majority eat there across throw take.
Thus according newspaper seem room some oil. From everyone area senior manage same. Young then boy market phone.",young.biz,"5271","897907620",BYF,Private,Medium,2024-01-02,2027-09-08,false,true,7,2021-05-26,
1129,"Townsend, Holmes and Davis",Partner,Manufacturing,Excellent,"7988752049","1354236593",https://sanchez.info/,3041691.76,582,Partnership,"8983 Jose Isle
Lake Hunter, NC 59809","5909 Smith Groves Apt. 701
East Jacquelinemouth, MH 15457","Century evidence concern capital. Class thus admit letter. Throughout newspaper music economy nearly change case.
True local imagine event left imagine toward visit. Possible police teach various.",moore-davis.org,"5374","428318046",DHY,Government,Low,2023-08-17,2028-05-17,false,true,4,2020-04-10,
1130,Warner Inc,Customer,Finance,Poor,"3001336308","1270915191",https://www.ballard.org/,1190488.06,33,Government,"207 Santiago Plain Suite 040
Ronaldfort, AR 72101","624 Randall Common
South Brookeville, VI 69649",Soldier write kitchen defense professional think. Woman young home area. Reason leg anything fill employee rich treat. Tree physical week head.,farmer.biz,"8690","724573336",HXK,Partnership,High,2023-10-15,2028-05-15,false,true,9,2021-08-19,
1131,Thomas LLC,Supplier,Education,Poor,"3908218374","1881043663",http://www.mckinney.org/,1685676.66,320,Government,"403 Horn Garden
South Daniel, WA 19028","364 Neal Summit Suite 686
North Douglastown, CT 69325","Culture yes purpose thus student property yard. Check front improve several. Statement reveal dog look hard.
Fast clearly race year agreement officer you. Shoulder worry reflect enjoy fire.",olson-herrera.com,"9900","995515265",FMU,Private,Medium,2022-01-22,2028-07-28,true,false,10,2021-11-18,
1132,Morrow-Welch,Investor,Education,Average,"9428887445","6885990758",https://wilson.com/,2765258.38,339,Public,"6140 Phillips Stream
East Jon, DE 93617","6135 Fields Junction
Duranmouth, AS 59231","Purpose source official game player natural owner. Program paper style.
Entire major way quickly room democratic. Police media behavior born gun education standard fall. Role necessary thank under.",weeks.com,"4990","397688927",PYD,Public,High,2024-11-30,2028-02-28,true,false,6,2019-03-10,
1133,"Baker, Lee and Odonnell",Customer,Healthcare,Excellent,"6426025013","8276813843",https://goodman.com/,6186025.79,346,Partnership,"94487 Kramer Views Suite 335
Lake Angelshire, WA 44342","1224 Rodriguez Field
New John, CA 76806",Only mean artist white audience this event. According must involve parent final like answer. Remember girl hair form thought suddenly street can.,davis.org,"6524","481606848",IXK,Public,Low,2023-03-11,2028-05-31,true,true,6,2022-04-22,
1134,Duncan and Sons,Supplier,Technology,Poor,"0165189796","6582494196",http://www.jensen-hodges.org/,9189493.54,455,Public,"686 Carter Plains Apt. 664
East Matthewfort, ME 45337","8358 Melissa Mission
North Dawnfort, DC 84830","Language third attorney fly. Including else almost garden together. Control learn natural low want direction.
Require again but investment. Ability current one every character.",mercer.com,"8297","107240750",IXC,Private,Medium,2022-05-16,2027-06-15,true,true,4,2020-11-20,
1135,Moore-Hughes,Partner,Manufacturing,Poor,"9838500677","6014893945",https://mann-mills.com/,3534770.14,644,Government,"0672 Coleman Turnpike Suite 792
Rodriguezmouth, GA 12523","764 Jay Alley
Rickystad, DE 21118",Morning model once here capital reflect suffer. Population color outside. Per couple here. Fly want summer get.,turner.org,"2099","682365629",IFJ,Public,Medium,2022-03-06,2028-08-25,true,true,9,2019-11-06,
1136,"Austin, Lewis and Johnson",Prospect,Education,Average,"8477711881","0181911121",https://www.anderson.com/,1586563.75,277,Government,"22769 Harper Lane Apt. 916
Holmesmouth, MI 32001","55386 Cory Highway Suite 118
Johnsonshire, RI 03886","For build end general space state despite. Skill every summer risk school. Foreign product recently fire water whole some.
Treatment give understand. Long when mean father.",powers-lowe.org,"8742","298555747",XVJ,Public,Medium,2024-04-04,2028-11-09,false,true,2,2019-11-02,
1137,Myers-Stewart,Customer,Manufacturing,Excellent,"4942493632","4258332549",https://mcdowell.com/,7618116.76,579,Public,"113 Donna Landing Suite 559
Murphymouth, MP 83601","75600 Victoria Fall Suite 299
Markmouth, MN 64097",Force agreement suddenly despite. Easy support some hotel environment option. Million herself around game item current take.,chavez.biz,"5670","367933332",JJO,Partnership,Medium,2025-03-06,2028-06-06,true,true,7,2019-12-29,
1138,Stephens PLC,Customer,Manufacturing,Average,"6254372597","4947995326",http://diaz-williamson.com/,5111489.72,76,Government,"025 Hooper Islands Suite 037
West Sandrastad, WI 74295","6658 Stephanie Way Suite 947
Sanderstown, FM 96173",Reflect total according point TV police staff. Now somebody game. Customer every table office. Rich toward structure explain study training current represent.,mitchell.com,"2770","199154520",QZV,Private,Low,2022-10-15,2028-03-05,true,true,1,2019-07-29,
1139,"Howard, Vance and Mcdonald",Supplier,Education,Poor,"2551332577","8755322410",http://sanders-montoya.com/,3743908.19,600,Public,"62177 Victoria Corners
North Kyle, CT 44921","85426 Donna Creek Suite 773
New Brianna, NE 07772",Start by Mrs production bring wide anything. Care analysis red forward.,ortiz.org,"9729","914014928",VQJ,Private,High,2022-03-08,2027-10-30,false,true,2,2020-01-20,
1140,Combs Ltd,Prospect,Healthcare,Excellent,"1436513681","2538255331",https://www.baker.com/,9069782.46,405,Private,"48213 Mark Summit
East Johnport, VA 21070","643 Christine Field Apt. 596
Kevintown, ID 87100",Rock but any magazine. One travel ask country voice hour. Effect outside its really over. Level visit artist class color.,camacho.info,"4459","596414368",SDW,Private,High,2024-12-12,2027-09-12,false,true,10,2021-09-12,
1141,Jones PLC,Partner,Manufacturing,Poor,"6320996795","0782258149",http://thomas.com/,247710.08,361,Government,"481 Adams Centers Apt. 323
East Timothy, NV 15831","9960 Miguel Freeway Suite 839
New Stevenbury, CO 35167",Member before until particular. Generation good executive. Job though expect news fire medical.,young.com,"7454","579221013",CEQ,Private,Low,2023-01-16,2027-05-28,true,true,2,2021-03-26,
1142,Davis Inc,Partner,Healthcare,Average,"5111078364","0522414214",http://smith.info/,3917224.35,712,Public,"33116 Jones Coves
Christineville, MH 55357","19508 Davis Brook Suite 574
Stacieberg, ND 83609","Watch painting outside stand either. Subject more exactly we. Maintain system sound.
Include election east benefit. Red mean foot billion. Daughter suddenly result suggest man.",bauer.com,"4544","238272556",FOC,Private,High,2023-08-22,2028-06-09,true,true,8,2021-01-31,
1143,Harvey LLC,Prospect,Manufacturing,Average,"6411774254","7586953704",https://rhodes.org/,5732317.56,208,Government,"6402 Hayes Ridge
Gabrielhaven, IA 36526","7757 Anderson Meadows Apt. 063
Lawrencemouth, NJ 29279",Our military arm above world city available. Join high church. Start budget wear way.,fox.com,"6016","149777744",PBU,Public,High,2024-04-01,2027-09-12,false,true,7,2019-09-19,
1144,"Wright, Patton and Wilson",Supplier,Finance,Average,"5302056303","9948059436",http://www.stuart.com/,2996283.16,115,Private,"6845 Simpson Walk Apt. 313
Parkerburgh, PR 42079","416 Novak Flats
West Valerie, NM 22705",Past guy challenge expert foreign modern also. Believe house protect including view. Look form small white relationship land girl.,young.info,"9055","642004109",NPJ,Government,Medium,2024-01-28,2028-04-26,false,false,6,2021-09-18,
1145,Cox and Sons,Investor,Manufacturing,Good,"4507070755","9822059538",https://www.ryan.com/,1952222.61,215,Public,"113 Brandi Loop
Lake Austinland, MA 85414","47181 Darren Inlet
Wilsonshire, NC 52769","Role try travel someone stop question. Drop any forget everything science probably peace feel.
Fall chair brother attorney street model by care. Ground special month low beautiful then.",anderson.com,"4202","634090995",TCN,Partnership,High,2024-03-18,2027-06-26,true,true,7,2019-03-02,
1146,Smith-Newman,Prospect,Education,Excellent,"3098996639","0690651559",https://owen-dunn.com/,6352418.09,117,Government,"931 Smith Turnpike Apt. 762
Antonioborough, OR 33707","941 Cunningham Track
Fosterbury, AS 94248",Smile top would. Team up series or concern he nature research. Move school hour local mouth raise.,steele-haynes.com,"4127","878817206",PNS,Government,Medium,2025-11-06,2028-09-19,true,true,9,2022-09-30,
1147,Miller Inc,Partner,Manufacturing,Excellent,"5226710392","0840607164",https://www.jones.com/,9676437.82,321,Private,"3952 Timothy Groves Suite 421
Kelseybury, CA 07199","USS Henry
FPO AE 74203","Politics strong myself couple.
Structure everything fear time first modern foot. At themselves star itself themselves. Arrive clear senior structure truth finish morning.",thomas-parker.com,"8468","968476316",BGT,Partnership,High,2023-06-30,2028-06-22,true,true,7,2022-10-31,
1148,Watts Inc,Supplier,Manufacturing,Good,"3781349303","0803580388",http://taylor.info/,289524.91,153,Private,"38291 Maddox Field Suite 547
Hicksland, NJ 84103","036 Clark Ridges
Reynoldston, AS 51728","North around may fast step themselves already. Born decide economy along. Lot build lose seek and job upon like.
Possible space food economic. Hand ten bag law wall describe.",white.com,"4065","627515539",BVS,Public,Low,2024-06-18,2027-08-11,true,false,3,2020-03-19,
1149,Christensen Ltd,Investor,Finance,Poor,"1031489291","5674377699",http://www.cobb-charles.biz/,3921439.29,170,Public,"8299 Zachary Cape
South Anna, OR 48492","PSC 2695, Box 6023
APO AE 66660","Require new nearly important today box economy strategy. Standard law plan million speak.
Remember check important hospital officer five five.",wood-young.com,"3443","928767030",VPJ,Public,Medium,2024-11-29,2027-03-14,true,false,10,2019-04-06,
1150,"Hill, Benjamin and Hodge",Prospect,Healthcare,Excellent,"0741820801","4632692959",http://www.cummings.info/,320756.75,183,Government,"398 Keith Landing
Port Anthony, WI 57988","1258 Hanson Village
Butlerbury, UT 82145",Then which have kid citizen piece method. Civil who so account plant learn. Represent technology yet international result white.,copeland.com,"1088","892311673",EDZ,Partnership,Medium,2022-03-29,2028-10-26,false,false,8,2022-07-30,
1151,Watts-Smith,Prospect,Technology,Excellent,"3343479238","7155277144",http://www.hayden.com/,6944471.09,593,Public,"088 White Inlet
Katrinachester, NE 46831","759 Amanda Meadow Apt. 699
North Natalie, NV 28679",Several western at state laugh. Any senior meeting book. Fast modern imagine best.,bolton-jordan.com,"2933","346094377",EMN,Public,Low,2025-05-29,2028-03-29,false,true,8,2022-03-20,
1152,"Mcgee, Horn and Kerr",Customer,Manufacturing,Good,"0611207080","6026520267",https://hall.info/,6017366.71,359,Partnership,"85670 Megan Plains Apt. 260
New Jacksonmouth, LA 85536","68747 Hernandez Parkway
Paulton, CT 54293",Develop inside you strategy or even center. Beyond exactly four pass table. Factor skin already life show marriage especially.,mooney.com,"2495","986573739",QTS,Partnership,Medium,2024-11-03,2027-09-15,true,true,9,2021-04-02,
1153,Fischer-Bryant,Partner,Manufacturing,Poor,"2348768318","0898233574",https://www.wright.net/,9230024.41,920,Government,"66093 Gomez Divide Apt. 179
Austinfort, NC 15150","695 Johnson Greens Apt. 605
Smithport, IL 69387",Range loss student interesting must. Bill concern specific second positive range. Wrong seven inside part such analysis structure drive. Need newspaper character process firm many.,murphy.com,"9161","630752885",LRV,Government,Medium,2024-02-19,2028-04-28,true,true,1,2019-06-08,
1154,"Craig, Gomez and Wyatt",Supplier,Manufacturing,Poor,"4322993415","8569772445",http://www.walker.org/,7171674.51,510,Private,"USNS May
FPO AE 49253","6390 Troy Port Suite 720
Jenkinsfort, DC 14850","Factor north evening cut. Management officer role special year season.
Half itself rule determine main.",mcclain.com,"2141","376147123",SCD,Public,High,2025-02-22,2028-09-30,true,true,9,2022-02-19,
1155,Smith-Bradley,Investor,Healthcare,Average,"2128964171","6006322258",http://woods.com/,4786883.25,788,Public,"022 Jason Spur
South Brittanystad, MH 58752","61998 Lee Motorway
Obrienfort, OK 87534","Little star hotel them south region nation. Really feeling maybe tax meet old.
Major own determine policy drop discussion. Lead social both team. Onto serve activity upon.",brennan.net,"9587","742554389",GHP,Private,Medium,2022-03-11,2027-04-18,false,true,2,2022-11-27,
1156,Johnston-Curry,Supplier,Education,Average,"5574859032","9653057921",https://james-mccarthy.com/,608770.61,503,Private,"319 Carlson Plains Apt. 398
Clarkmouth, RI 99718","38198 Russell Grove Apt. 203
Stephenhaven, NY 19552","Writer popular see seat entire everybody. Professional ask media condition.
Method go think. As involve shoulder bed hair.
Car same though way world probably instead success.",crosby-figueroa.com,"5685","228238375",EZM,Public,Low,2022-12-03,2028-07-16,false,true,8,2019-02-28,
1157,Romero Inc,Partner,Manufacturing,Excellent,"6867895557","6126347923",https://www.craig.biz/,4763426.64,844,Government,"PSC 8074, Box 4705
APO AE 18999","12622 Moore Islands Suite 934
West Davidport, AS 26272","Goal place region everybody adult television.
Guess wonder green small huge. Yourself stuff enter plan partner ago major win.",baker.org,"4894","953280200",EGH,Private,Low,2025-06-04,2027-02-08,true,false,1,2022-03-19,
1158,Hernandez-Ramirez,Partner,Finance,Good,"6771571654","9471942659",http://www.west.com/,6745945.60,537,Private,"86022 Katherine Neck Apt. 495
South Kathryn, IN 98682","0731 Gutierrez Road Apt. 597
Vincentland, WY 97537","Tax foreign gun. Throughout class include build. Each you personal especially base Republican forward.
Feel writer energy mother dog. Second put civil front.",wilkinson.com,"6858","478095033",RSO,Government,Medium,2023-04-09,2027-05-28,true,true,8,2020-06-21,
1159,Mcdonald and Sons,Partner,Finance,Poor,"3536835372","8344073246",http://www.stewart.net/,773633.57,342,Partnership,"507 Amy Avenue Apt. 765
Robertsonfort, TN 05136","19008 Don Common
West Julia, VA 72115","Alone believe seat west. Memory direction goal pretty.
Author floor population one job structure quickly. Never possible news board old themselves very.",christian.net,"2161","318978714",DAA,Government,Low,2024-12-16,2027-05-15,false,true,4,2022-07-22,
1160,Martinez-Leblanc,Supplier,Technology,Poor,"9500202681","8428524671",http://www.maxwell-nguyen.com/,6735880.63,60,Public,"27880 Thompson Plains Apt. 585
Cantustad, WA 28497","9772 Michael Ridge
Gibsonborough, MP 37112","Music I now free. Family receive old hospital save laugh.
Economy kid here store.
Determine analysis nor deal. Measure service rise newspaper response. First small soon allow fund majority good.",patel-patterson.com,"4375","766316902",AEB,Private,Low,2023-10-24,2027-05-22,false,true,9,2020-07-27,
1161,Livingston PLC,Supplier,Finance,Good,"1145722499","5043067760",http://www.williams.com/,2845825.22,443,Government,"397 Baker River
New Jennifer, HI 58155","33067 Virginia Trafficway Suite 492
Anneborough, IA 64355","Debate across think need. Company institution kid hundred yet because until. Century resource tell over.
Employee either despite detail animal game particularly article. Hour share hold still.",scott.com,"1660","390230942",HYC,Public,Medium,2025-02-05,2027-12-31,true,true,3,2020-09-17,
1162,Lucas Ltd,Partner,Education,Good,"7479036406","9070397775",https://www.wong.com/,9647905.15,941,Partnership,"196 Phillip Gateway Apt. 598
Port Ryanside, ME 33457","36549 Sara Gateway
West Veronica, GU 13591","Tree sort child job. Accept each out even.
Special save radio key different head visit. Would where past down mother. See discuss campaign character officer off something.",moran.org,"1574","777541248",UDW,Partnership,Low,2022-07-01,2027-12-18,true,true,8,2021-06-14,
1163,Mahoney PLC,Investor,Education,Good,"1291988494","8569416022",https://www.mays.com/,6008519.01,704,Partnership,"93419 Miller Walks
East Crystal, MP 07565","69859 Anderson Villages
Christianton, KS 41574","Learn education night them. Factor size under husband clear save. During past student onto.
Buy economy weight major realize. House someone sign rule however.",stevens.org,"9758","740742747",DCE,Government,Medium,2022-10-11,2027-02-07,false,true,10,2019-10-24,
1164,Jimenez Group,Supplier,Healthcare,Average,"1843927459","3808583244",https://www.moore.com/,5602471.22,515,Government,"847 Willie Land
Jacobburgh, IA 71443","818 Rachel Street Apt. 550
Cynthiashire, DC 67639",Clearly family heavy else them. On all campaign box. It morning state have while.,brown.org,"1988","620003624",CTK,Public,High,2023-06-09,2028-08-30,false,false,5,2020-07-23,
1165,Martinez PLC,Supplier,Education,Good,"5669719015","0914445225",https://www.evans.org/,7843715.32,455,Public,"8292 William Trail Apt. 118
Jamesland, NY 69485","63809 King Fall
Thomasport, CT 49615","Finally letter investment trial popular allow. Star budget order prove three. Near series respond party.
Put season fund store economic anything. Model population pass discover.",johnston-day.info,"7367","339226485",XUV,Government,Medium,2025-05-20,2028-08-10,false,true,10,2019-12-25,
1166,Meyer-Barr,Supplier,Technology,Good,"9296266183","2518487292",https://www.carr.com/,511815.92,417,Partnership,"340 Charles Terrace
South Jon, OK 10644","25291 Simpson Forest Apt. 491
South Veronicamouth, IN 64105","Bed place go woman institution. Professional worker system executive every. Around Mr hotel alone crime.
Go add word list. Or Republican their establish my seven find plan.",henderson.com,"5520","178420504",AUS,Government,Medium,2023-09-04,2027-05-08,true,true,8,2019-08-31,
1167,Wells LLC,Investor,Finance,Excellent,"8035733297","9636852525",https://www.collins.com/,6087140.74,515,Public,"6484 Kenneth Glens Apt. 287
Jacobmouth, MP 77933","948 Sheila Extensions
New Laurenville, NV 80722","National authority realize how fine same heart. Management others marriage production yourself watch.
Court feel us doctor bed chair herself. Order sea adult fine own even. As idea large.",cortez-gonzalez.com,"2628","615288857",CHC,Partnership,Medium,2025-09-07,2028-02-21,false,true,8,2022-05-14,
1168,Lee-Bennett,Supplier,Education,Excellent,"1308232476","1049748689",http://adams.biz/,3156071.98,667,Partnership,"PSC 5883, Box 6477
APO AP 72924","157 Walker Via Suite 403
Camposland, KY 44485","True inside order sort foot road.
Gas check bad travel pay large onto. Station international perhaps trial agency four idea.",carpenter-hall.biz,"5520","941756078",WNN,Private,Low,2024-12-25,2027-03-15,false,true,4,2020-07-19,
1169,Bailey PLC,Supplier,Education,Poor,"6753210624","3657836065",https://hayes.com/,9994585.50,973,Public,"PSC 4641, Box 7238
APO AP 20786","97097 Rebecca Neck Apt. 765
Riosport, VA 31063",Movement hour expect look. Morning continue radio break similar fear. Between summer energy name alone size. Call statement million Mrs listen who score art.,kane.com,"8336","565459591",GER,Partnership,Low,2025-03-15,2028-09-17,false,true,7,2022-11-22,
1170,"Macias, Robinson and Schultz",Customer,Education,Average,"2892710255","6174462484",https://moreno.com/,8435817.59,713,Private,"4620 Tanya Park Suite 462
New Catherinetown, OH 54723","9278 Melvin Locks
Port Ericfort, ME 22627",World surface hold decide discussion agree them. Character what run peace receive. Sell least hard contain. Add scene step any front people structure no.,robinson.com,"2101","163188549",EBL,Partnership,Medium,2022-03-14,2026-12-29,true,true,4,2018-12-27,
1171,"Chandler, Obrien and Barnett",Investor,Technology,Average,"8529242494","6377061482",http://patterson.com/,9221186.60,771,Private,"1921 Saunders Tunnel
Elainechester, LA 77643","29677 Francis Glens
Jamesland, PR 29958",Federal happy late. However edge other she day.,townsend-hernandez.net,"2121","736003826",NAC,Government,High,2023-12-23,2027-07-31,false,true,6,2021-08-07,
1172,"Bradford, Scott and Ruiz",Partner,Technology,Poor,"7139879844","3816947541",http://www.simmons.com/,7773337.30,621,Partnership,"49839 Nelson Forge Suite 645
New Alexanderside, OH 58537","10043 Garcia Glen Apt. 649
Sparksside, FM 66743",Painting simply forget raise last control. Able dream get perform two challenge. Including prove nor other reach. West fill team eat authority address.,oconnor.com,"1856","518132412",OTK,Government,Medium,2023-04-03,2027-07-05,true,false,10,2022-09-22,
1173,Gillespie Group,Prospect,Finance,Good,"7374015123","9711207924",https://www.wright-key.info/,3693470.79,600,Government,"7661 Barnett Branch Apt. 727
Williamsmouth, WV 12575","66467 Banks Roads
Casehaven, IL 52344","Ten break sort. History say industry personal while stuff. Which example education save from sell arm.
Involve its always. This nice research.",johnson.com,"5770","877276648",GQV,Government,Medium,2022-12-01,2026-12-15,true,false,3,2021-08-27,
1174,"Williams, Mcknight and Hernandez",Customer,Technology,Excellent,"1856566685","7226657074",https://hawkins.com/,5481914.90,603,Private,"8749 Kent Bypass
Emilytown, PA 46469","5000 Ford Ford
Davidfurt, CA 81034","Cover would some recently also task. Charge institution data defense on. Bed school mission agreement ten miss.
Determine site blue learn never work when land. Away white return event door.",tucker.biz,"3741","160147086",WOR,Government,Low,2024-12-27,2027-09-09,false,false,9,2022-02-21,
1175,"Johnson, Carter and Keller",Partner,Technology,Good,"9388636956","0211851962",http://www.tanner-anderson.com/,2087502.50,392,Private,"3422 Mahoney Ville
Lake Caitlin, SD 31367","USNV Turner
FPO AP 15761","There nice itself either five term model. Mr after over performance chair.
Seek similar gun. Eight both find improve focus style determine.",montgomery-luna.info,"2722","818661724",QYI,Public,High,2022-09-16,2028-06-26,true,false,2,2019-06-27,
1176,"Valencia, Reid and Davis",Customer,Education,Excellent,"7020269976","0154416400",http://www.patterson.net/,8565206.45,708,Partnership,"Unit 1754 Box 0124
DPO AP 47645","88585 David Roads Apt. 553
North Sonyahaven, SC 70531",Natural long among from something everyone operation. Scene sure always wrong house would matter.,morgan-robinson.com,"2651","711152017",LRH,Partnership,Low,2025-06-27,2027-04-22,true,true,10,2019-07-11,
1177,Reynolds-Williams,Partner,Finance,Poor,"3353027097","2809763099",https://www.johnson-estes.com/,7558273.55,828,Private,"USS Hanson
FPO AA 65077","2506 Spencer Road Apt. 877
South Kimberlyfort, FL 69938",With sea that grow discover full. Near beyond fund get role. Outside during fine popular to place. Pattern us police resource firm computer usually.,colon-powell.com,"6148","303908854",KOD,Public,Low,2023-07-10,2027-11-04,true,false,7,2022-07-13,
1178,"Newman, Perkins and Miller",Partner,Healthcare,Average,"9163411154","0474176438",https://gutierrez.biz/,1470808.28,727,Private,"9195 Frederick Unions Suite 729
Collinsfort, CA 22295","92217 Michelle Loop
West Erica, IL 98729","Organization though us measure fast already. West save hot son. Speak serious serious nearly by church need.
With our enough somebody. Indeed American compare sometimes either wish middle history.",kennedy-johns.com,"5555","146666056",OIY,Private,Low,2022-06-13,2027-06-18,true,false,2,2019-06-26,
1179,Floyd PLC,Supplier,Education,Poor,"8973087845","8716984636",https://price.com/,3126546.14,552,Partnership,"83975 Jennifer Meadows Apt. 018
South Caitlin, FL 27485","2467 Davis Causeway
Gonzalezville, ID 06350",Style simply from skill scientist remain. Election almost fly couple brother leave. Live bit similar compare.,curry.com,"7827","366438443",BSM,Public,Medium,2025-07-02,2027-07-02,true,true,5,2020-02-05,
1180,Mccormick LLC,Customer,Healthcare,Good,"2032062246","3118810700",https://www.henderson.biz/,7250212.33,484,Public,"28645 Russell Parkway Suite 618
Kellyfort, OH 65814","24520 Wyatt Falls Apt. 754
Leonardville, VI 51365","Admit try wrong. Truth baby thing forward east lawyer someone.
A natural rock way different same. Money election mission president.",walker-harris.com,"6642","521338573",NIP,Government,Medium,2022-07-19,2028-05-10,false,true,7,2020-09-24,
1181,Jones-Harris,Customer,Education,Good,"2144063412","4304847215",https://wheeler.net/,4446463.23,141,Partnership,"03393 Burke Freeway
Jenniferborough, CT 79450","11678 Harold Mountains
West Amyside, ND 56549","Include tough wonder issue American. Its as pretty shoulder nice effect. East under interesting area decade share.
Everybody other and. Beyond later process.",rodriguez.info,"7719","826335668",FTT,Public,Low,2022-01-13,2028-09-04,false,true,5,2022-09-30,
1182,"Bartlett, Pace and Thomas",Supplier,Healthcare,Good,"5383550809","1768231535",https://www.andrade.info/,9594420.33,535,Partnership,"952 Tyler Crossroad
Harperview, PW 42333","6664 Melton Creek
Williamsburgh, CT 54034","Wish music another third smile begin hair only. Everybody cup serve customer show. Fine general hear ahead eight conference.
Probably home interest realize teach these offer. Use example lot drive.",horton.com,"1853","494841838",LEK,Government,High,2025-01-02,2027-04-18,true,true,3,2020-04-10,
1183,Henson-Lee,Investor,Education,Good,"8720359701","0445658594",http://espinoza.org/,3317620.47,886,Public,"0773 Heather Alley
Lake Gina, IN 77989","73155 Schroeder Lake
Scottshire, DE 27777",Involve bill part attack individual apply. Each foreign guess last dream message member. Under right who course race.,harris.biz,"5244","684476895",MYJ,Partnership,Low,2023-12-11,2027-02-20,true,true,3,2022-10-04,
1184,Brown-Chung,Customer,Finance,Average,"8920225557","8959448017",http://anderson-odonnell.com/,242978.19,207,Public,"5459 Sanchez Roads
Mooreland, FM 33555","Unit 3448 Box 4308
DPO AA 98434","Enough various politics purpose player career teacher. Center water statement class believe purpose actually.
Once practice close practice. Herself probably agree lay exactly identify.",orr.com,"8513","565784499",HVS,Government,High,2023-10-25,2028-04-11,true,true,1,2020-08-01,
1185,Palmer LLC,Supplier,Technology,Average,"0673378490","8830329797",http://www.wu-wilson.com/,4384207.24,517,Private,"9649 Daisy Villages Apt. 341
Port Michelleton, NJ 59332","757 Michael Causeway Apt. 893
Smithbury, NJ 37959",Sense single plan rock. Executive identify become director director. Reflect west article become fact chair social time. Than approach success participant market.,nelson.biz,"8967","670533935",ZEI,Partnership,Medium,2023-03-04,2028-07-18,false,true,6,2019-04-30,
1186,Ruiz Group,Prospect,Finance,Poor,"4469129031","7966091294",https://miller.info/,7299114.03,635,Private,"7372 Velez Valleys Suite 760
Port Timothy, ND 31060","83272 Mary Crossing Suite 898
Port Jamesbury, CT 76873","City concern past matter get street throw. But however ten close your. You too customer suggest simple back remember.
Hot tough heart. Image which paper wonder be first want.",ponce-garcia.com,"8070","732978623",RFQ,Public,Medium,2024-10-10,2028-04-05,false,false,4,2022-07-11,
1187,Harmon PLC,Supplier,Manufacturing,Good,"2011027780","0711900282",http://fry-case.org/,2906339.76,231,Partnership,"4501 Chapman Isle Suite 862
Georgemouth, LA 47545","844 Roberson Stream
Tinahaven, NC 01763","Decision clear throw fund bring try. Treatment improve degree ago cell process those.
Opportunity admit movement toward rich choose between. Few again figure. Decade can work some resource.",harper.net,"5437","177732539",CDR,Public,Low,2024-05-21,2028-05-12,true,true,5,2021-03-07,
1188,Martinez LLC,Partner,Manufacturing,Poor,"8861844692","5336049027",http://www.walker-schroeder.com/,1402038.49,740,Partnership,"9987 Williams Neck
Port Anthonyhaven, SD 97807","2010 Patricia Passage Suite 233
Tylerside, VI 72791",Spend significant wish positive. Chance treatment report president. Main simply themselves reveal.,delacruz.com,"9287","129167817",QKI,Private,Medium,2021-12-12,2027-01-29,true,false,3,2022-07-02,
1189,Martinez Group,Prospect,Technology,Average,"3541544612","0350949587",http://johnson.info/,4551896.90,625,Private,"8049 Miguel Greens Suite 423
Sanchezborough, WV 08175","632 Thomas Manor Apt. 324
Johnsonburgh, KY 89719","Race truth national decision. Full be set drive soon physical because.
True always simple now. Call good best always pressure growth.",james.net,"7886","522521463",DDC,Private,Medium,2023-10-22,2027-02-07,true,true,6,2021-02-03,
1191,"Mendoza, King and Carlson",Investor,Finance,Good,"3943833345","3582054382",http://tyler.com/,1688451.06,676,Private,"849 Cardenas Light Apt. 987
Julieburgh, FL 44625","177 Julia Viaduct Apt. 375
South Larry, IN 56537","Pull data number. Heavy environmental too wall with research southern. Go her produce.
Toward be authority recognize. Whole state talk improve per. Agency network occur east someone develop describe.",lucas.com,"5509","118568889",CXA,Partnership,Low,2023-03-23,2027-09-18,true,false,10,2019-03-31,
1192,"Austin, Tran and Cooper",Investor,Finance,Average,"4951657649","0757976624",http://www.jordan-barnett.com/,6410562.65,325,Private,"4431 Harris View
North Jason, MT 89677","4943 Costa Trail
New Tamarafurt, AS 24231","Food argue serious plan. Run somebody leg cultural message.
Bar a paper size upon prove risk accept. Task have help provide back debate director avoid. Pressure left my material.",mcdowell.com,"6661","316843112",NMR,Government,Medium,2025-06-08,2027-11-09,false,true,5,2021-10-11,
1193,Cochran LLC,Supplier,Manufacturing,Good,"0275111335","3181633279",https://mathis.info/,7737906.39,175,Public,"3565 Michael Fork Apt. 337
Turnershire, VA 63274","65355 Watts Drive
Jonathanhaven, NC 95452","Analysis total let what audience people.
Drop control drive protect. Others kind somebody. Probably owner yes.
Care book move card short accept. Blue approach wide sit.",english-becker.biz,"7238","813295993",BKH,Government,High,2024-07-20,2027-02-08,true,true,5,2020-05-15,
1194,Turner-Larsen,Partner,Healthcare,Poor,"1074122372","0744673118",http://www.perry.com/,8798648.00,733,Partnership,"6366 Carol Knolls Suite 203
East Danaberg, OK 54384","725 Thomas Light Suite 546
West Robertfort, TX 53876","Talk imagine practice radio language purpose cover. Watch war maintain which politics reality.
Series yet leg crime. Allow discover finish marriage green network.",curry-swanson.com,"9982","787843663",DET,Government,Medium,2025-07-12,2027-07-05,true,true,5,2020-03-07,
1195,Boyer Inc,Prospect,Manufacturing,Poor,"1842949929","9336878849",https://www.king.com/,5372442.82,632,Public,"256 Bates Streets
New Joshuahaven, SD 91487","207 Fox Vista
Tiffanyburgh, SC 38822","Meet spend still see. Decision product arm table local final left. Every word she always hit.
His many growth respond act drop.
Language those one administration week see. Wall civil act rest.",kramer-juarez.com,"4046","369008733",EBU,Private,Medium,2022-05-14,2027-10-12,true,false,5,2020-11-17,
1196,"Russo, Daniels and Williams",Prospect,Manufacturing,Excellent,"9258274800","2332323111",https://wong-ball.com/,6748069.92,431,Private,"60154 Heather Unions Suite 956
Anthonyfort, SD 73269","4481 Ellis Mountain
Rodneymouth, CA 08918",State any none whose change key strong itself. Change family way voice our capital born. Live apply program.,bowman.com,"2219","305314340",QST,Private,High,2022-05-08,2028-09-15,true,true,10,2020-04-17,
1197,Davis Inc,Supplier,Technology,Poor,"5824792087","7939300680",https://novak-johnson.com/,9561438.13,834,Public,"3701 Gordon Ridge Apt. 976
Nolanport, ID 33875","21771 Gray Locks Apt. 633
East Eduardoburgh, ME 01225",Research interest data movie. Fear may learn follow city. Second PM outside early goal number what.,bartlett-lynch.com,"7788","560715522",QNJ,Private,Medium,2022-07-28,2028-01-15,true,true,8,2021-07-19,
1198,Alvarez-Jacobs,Investor,Technology,Excellent,"1536113124","4549901714",http://mitchell.org/,3273345.32,753,Government,"8582 Kathleen Mill
Lake Jessicaport, KS 50534","940 Vargas Ways
Hannahland, ME 09337","Would raise explain church probably ability. City article next apply teach go. Make there far community.
Score democratic rule laugh teacher easy. Project hair medical he some spend.",wilson.net,"6967","304294774",MRU,Private,Low,2025-08-21,2028-08-14,true,false,2,2022-03-03,
1199,Mills Group,Prospect,Healthcare,Poor,"5163190881","4683318518",http://www.perez.com/,1279238.41,25,Partnership,"90023 Gonzales Lakes Suite 843
Mooreburgh, NM 82445","41527 Alexandria Ramp Suite 771
Heidibury, AK 53192","Whatever deal either establish. Case skill kid significant film woman.
Player conference evening practice. We fine day that could. Purpose improve great because guy college two camera.",rose-mcdonald.biz,"6704","876690664",LDT,Public,High,2025-08-04,2027-04-11,false,false,4,2020-03-09,
1200,"Miller, Carter and Cooper",Partner,Manufacturing,Excellent,"8364003657","9046043221",http://maxwell.com/,7556606.71,952,Partnership,"51594 Jessica Corner Apt. 567
Leeside, HI 51046","6228 Peters Shore
Parsonsport, MH 59840","Agent some board establish ready. Voice kid possible give sound economic.
Continue minute its through reason practice must. Onto indeed focus ok. Rule smile no opportunity.",ross.net,"4229","232679220",JVC,Public,Low,2023-07-11,2028-05-03,true,true,5,2022-06-25,
1201,Osborne-Porter,Prospect,Education,Excellent,"0446824218","9765939652",http://alexander.com/,1891757.06,164,Private,"924 Nelson Throughway
Ericbury, VT 49603","587 Timothy Garden
North Davidville, IA 45656","There cause down player my. Art four stock charge. Put such another plant north. Add center somebody own beyond say.
Fight rest call hear today. Close model citizen.",khan.net,"1382","809469936",CEB,Private,Medium,2023-02-01,2028-02-23,false,true,9,2021-08-07,
1203,"Norris, Lee and Pruitt",Customer,Finance,Good,"0027773586","5417051638",http://www.huynh-hancock.biz/,1132500.34,316,Government,"7263 Kirk Viaduct
Chenmouth, AS 78028","4007 Sullivan Mount Suite 063
Juanfurt, NC 90020","Owner sing local admit conference but cold measure. One him indicate fine appear paper.
Leave drop civil window he. Nearly to daughter town year tend build.",rodriguez-vance.org,"9994","223279764",SRV,Partnership,Low,2024-03-26,2027-06-23,true,true,2,2021-12-01,
1204,"Freeman, Smith and Patel",Investor,Healthcare,Excellent,"1067661400","7941790770",https://johnson-phillips.net/,4484257.90,223,Private,"157 Jacobs Gardens Suite 792
East Pamelamouth, ID 82260","8969 Pennington Skyway
Cruzview, SC 50944","Service statement share according wall why eat. General business serve they.
Follow newspaper general. Administration whose say guess east why contain. Heavy must ask structure accept.",jenkins.com,"4508","694328226",LFM,Partnership,Low,2022-07-29,2028-03-07,false,true,6,2019-03-04,
1205,Perez Group,Supplier,Healthcare,Good,"7859481209","3952591571",https://www.wyatt-cooke.org/,3040604.24,718,Partnership,"USNV Cooper
FPO AP 34766","08132 Ellis Stream Suite 158
East Garrett, AL 83219","Fill teacher human senior. True financial energy factor college identify. Church say he prove standard grow chance.
Inside someone difficult. Catch first federal list choice.",hamilton-fowler.org,"6330","258691563",XAD,Partnership,High,2022-02-14,2028-06-24,false,true,2,2022-11-08,
1206,"Norton, Castaneda and Clements",Investor,Technology,Good,"0008892224","9202310973",http://acosta.org/,8173507.15,653,Public,"4075 Nash Radial Apt. 382
Ramirezmouth, FM 67030","266 Michael Extension
Wattsborough, KS 49887","Book by card result beat decade. Animal body accept charge society.
Role next gas certainly.",collins-lang.com,"1329","374024653",PEE,Government,Low,2023-05-04,2027-01-15,true,true,5,2022-05-12,
1207,"Keith, Saunders and Scott",Partner,Healthcare,Poor,"8724538901","8498392085",https://castillo-schultz.org/,5106107.65,59,Private,"53522 Wells Mountains
Michaelmouth, MH 19768","503 Megan Village Apt. 930
West Raymond, LA 50181","Me role or but Democrat perhaps. Save some decide our employee.
Keep form television specific natural season. Throughout will parent.",fritz.org,"7773","610726772",KGG,Government,Medium,2025-02-09,2027-06-06,false,true,4,2019-06-06,
1208,Hill and Sons,Partner,Education,Excellent,"8473581893","4884532096",https://price-morales.info/,2984464.04,738,Public,"307 Hardy Tunnel Suite 934
Bakerland, PW 37399","37398 Melton Gardens
Lake Gabrielside, VA 07345",Society cause seek institution drive first poor hard. Exist program those soldier hospital study. Kind TV company.,patel.org,"3578","815637108",AHO,Partnership,Low,2023-09-28,2027-07-30,true,true,7,2020-05-02,
1209,"Clark, Patel and Morales",Prospect,Education,Good,"9792325737","7578384573",http://newman.com/,121123.66,313,Private,"95112 Anthony Mountains Apt. 319
West Nathan, WI 39171","USNV Mcdowell
FPO AA 48851","Billion able seem someone toward per require exist. Truth language significant find finally leg. Letter investment majority modern yard.
Believe responsibility teacher note approach.",jones.com,"5227","409317872",HHC,Public,Low,2024-04-13,2027-07-11,true,true,7,2019-04-01,
1210,"Friedman, Johnson and Stevens",Investor,Technology,Good,"8295386624","2032046672",https://garcia.com/,9973948.73,128,Government,"56522 Thomas Mount
Montoyafort, NM 34799","3236 Andrews Plains Suite 249
Wendyberg, MH 37808",Provide mother painting cell share carry dark. Chance today others cost all offer ago. Young to never black nothing teach give.,morales.org,"5772","979968480",VHJ,Private,Medium,2024-09-26,2028-09-22,true,true,7,2022-11-16,
1211,Ross-Pacheco,Customer,Education,Good,"4512892699","0736798114",https://mejia.org/,2743314.90,472,Private,"873 Ronald Crescent
Lake Matthewmouth, VA 78239","79144 Lisa Neck Suite 078
Kiddberg, FL 11337",Southern member nation find customer picture parent. Instead blood lawyer sign party alone hot gas.,burke-mack.com,"9379","789878934",OMG,Government,High,2022-10-17,2027-05-19,true,true,6,2022-02-06,
1212,"White, Knapp and Glenn",Investor,Finance,Poor,"9045961228","5323316674",http://www.jones.com/,2413856.16,65,Public,"8085 Rodriguez Skyway Suite 738
South Taraburgh, MA 74073","3066 King Fort
North Jonathanberg, UT 56757","Up medical almost art. Than suffer difference current read ball.
We large last. Involve feel law item apply dark hand simply. Travel rule risk green man image.
Light billion quickly yet agree.",walls-preston.com,"2411","134075113",GNM,Government,Low,2023-10-04,2028-10-22,false,true,3,2020-04-01,
1213,"Robinson, Williams and White",Prospect,Healthcare,Good,"0047725422","9194267828",https://www.graves.net/,1855891.91,349,Private,"57779 Larson Stravenue Apt. 178
Jenniferport, NJ 54365","26523 Walter Cape
Lisafort, GA 72924","Player happen cost various lawyer. Walk seat parent risk. Tonight already share still movement street writer.
How increase quite. Cover green themselves technology usually hope.",sanders.com,"6675","943028542",MAV,Public,Low,2025-02-11,2028-06-16,false,true,8,2021-01-01,
1214,Walker-Landry,Prospect,Healthcare,Good,"2284633236","0284436345",https://www.le-atkinson.biz/,8913118.33,983,Government,"739 Matthew Cliffs
Jefferyville, OH 25346","93822 Joseph Isle
Lopezstad, PR 19108",After above away pattern white price. Manager arm performance price all stage.,reynolds.info,"4808","373155053",NOY,Private,High,2022-10-25,2027-05-13,false,true,1,2022-12-07,
1215,"Russell, Fleming and Edwards",Prospect,Finance,Good,"7651909141","6169786229",https://miller-moses.info/,6707005.13,501,Government,"63361 Scott Summit
Houstonside, ID 32152","Unit 2616 Box 4033
DPO AE 60066","Item mention either say. Choice short position goal.
Himself just push. Mean force fish eat all religious.",black.biz,"3666","447162830",JHE,Government,Low,2023-12-22,2027-10-14,true,true,1,2020-08-09,
